km_inicio,km_fin,s_inicio_km,s_fin_km,longitud_traza_km,factor_local,metodo_calibracion,elev_min_m,elev_mean_m,elev_max_m,desnivel_local_m,elev_inicio_m,elev_fin_m,desnivel_neto_m,pendiente_neta_pct,pendiente_media_abs_pct,pendiente_max_abs_pct,n_muestras,buffer_m,pendiente_terreno_media_pct,pendiente_terreno_p90_pct,relieve_local_m,n_celdas_pendiente,n_celdas_elevacion,buffer_hidrologia_m,drenaje_secundario_50m,drenaje_principal_50m,n_drenajes_secundarios_50m,n_drenajes_principales_50m,acumulacion_max_50m_celdas,area_aportante_max_50m_km2,latitud_centro,longitud_centro,temp_media_2001_2025_c,dias_min_bajo_0c_anuales,dias_congelamiento_deshielo_anuales,precipitacion_anual_media_mm,precipitacion_diaria_p95_mm,viento_medio_ms,viento_p95_ms,fraccion_horas_nieve_gt0pct,fraccion_horas_nieve_ge10pct,fraccion_horas_nieve_ge50pct,nieve_profundidad_p95_m,cobertura_nieve_media_pct,metodo_clima
0,1,0.0,0.912141,0.910406,0.910406,solo_puntos_confianza_alta,1077.381591796875,1081.650634765625,1089.25048828125,11.868896484375,1077.771728515625,1089.0753173828125,11.3035888671875,1.2395631562726894,1.3274061414930556,5.718587239583333,32,250.0,2.644601583480835,3.72137975692749,22.0657958984375,781,781,50.0,1,0,1,0,4961.0,3.9148416243987545,-29.505851342110084,-68.58199841872907,15.705271535808922,35.67326563582408,35.27479253934354,429.312945512681,6.536419950585133,1.5539653921205003,3.0293519511364684,0.2521160793750896,0.0386074111858669,0.0069396470010506,0.0062514054108372,1.5195721026068645,ERA5-Land ARCO 2001-2025; interpolacion bilineal en centro de segmento
1,2,0.912141,1.824281,0.912137,0.912137,solo_puntos_confianza_alta,1088.3267822265625,1103.5521240234375,1119.5718994140625,31.2451171875,1089.0753173828125,1119.27197265625,30.1966552734375,3.3034919334830306,3.355183919270833,6.02294921875,32,250.0,3.8557260036468506,4.739120006561279,46.745361328125,781,781,50.0,0,0,0,0,221.0,0.174396290867189,-29.49777801851214,-68.58388206536405,15.674230480646624,36.719174986951145,36.30642313575293,430.06587359146886,6.548958986630307,1.5510283016652882,3.023893483583453,0.2534387155950474,0.0391985086736245,0.0071923386118238,0.0063889288583632,1.5501245566709023,ERA5-Land ARCO 2001-2025; interpolacion bilineal en centro de segmento
2,3,1.824281,2.736421,0.912136,0.912136,solo_puntos_confianza_alta,1118.27001953125,1127.823486328125,1134.0606689453125,15.7906494140625,1119.27197265625,1133.6162109375,14.34423828125,1.569363812342261,1.726535373263889,5.084635416666667,32,250.0,4.104226112365723,4.792759895324707,34.5469970703125,780,780,50.0,0,0,0,0,755.0,0.5957882335055553,-29.48970038044209,-68.58579620547462,15.604304376068765,38.08569481163065,37.6517712621982,429.7069966773941,6.552903583827587,1.5552612853445014,3.026326916019352,0.2579004113736383,0.0396797595379161,0.0074784693538149,0.0065346794216153,1.579823431657895,ERA5-Land ARCO 2001-2025; interpolacion bilineal en centro de segmento
3,4,2.736421,3.648561,0.912091,0.912091,solo_puntos_confianza_alta,1131.64404296875,1143.0380859375,1159.623046875,27.97900390625,1133.6162109375,1159.623046875,26.0068359375,2.84528711069814,3.0335422092013897,8.591715494791668,32,250.0,5.350176334381104,6.927840709686279,51.575439453125,782,782,50.0,0,0,0,0,797.0,0.6289314200052021,-29.48168407532236,-68.58800008166426,15.539634271709504,39.42079506648033,38.96669783965682,429.4731336286424,6.558117260387304,1.559410030244509,3.028735101425572,0.262386279651304,0.0401677805487062,0.0077564760259508,0.0066847076725304,1.6093031835024685,ERA5-Land ARCO 2001-2025; interpolacion bilineal en centro de segmento
4,5,3.648561,4.560701,0.91214,0.91214,solo_puntos_confianza_alta,1157.955810546875,1172.3863525390625,1185.042724609375,27.0869140625,1159.623046875,1185.042724609375,25.419677734375,2.7808255939550954,2.968505859375,8.249918619791668,32,250.0,6.520561695098877,7.754977226257324,57.336181640625,780,780,50.0,0,0,0,0,799.0,0.6305096669813758,-29.47359003605531,-68.58982240586944,15.481868950190076,40.69265285284047,40.2200005030323,428.637700393115,6.554136320707316,1.563687331733277,3.031807382543571,0.2668517138716805,0.0406009143023442,0.0080241859405067,0.0068219246141255,1.63692838694901,ERA5-Land ARCO 2001-2025; interpolacion bilineal en centro de segmento
5,6,4.560701,5.472841,0.91214,0.91214,solo_puntos_confianza_alta,1182.745361328125,1193.165283203125,1203.43359375,20.688232421875,1185.042724609375,1201.4295654296875,16.3868408203125,1.792661289378685,2.0961235894097228,7.583821614583333,32,250.0,6.681859970092773,8.17459487915039,51.5302734375,779,779,50.0,0,0,0,0,367.0,0.2896083201278659,-29.46549567845537,-68.59164480174526,15.429668368696452,41.92255028568386,41.43252214983861,427.62565729034736,6.547117171037333,1.5679726081766376,3.035134852447831,0.2713225470593928,0.0410155679878188,0.0082834790283892,0.0069562659301292,1.6636939373988195,ERA5-Land ARCO 2001-2025; interpolacion bilineal en centro de segmento
6,7,5.472841,6.384982,0.911714,0.911714,solo_puntos_confianza_alta,1200.2393798828125,1204.704833984375,1209.785888671875,9.5465087890625,1201.4295654296875,1208.4703369140625,7.040771484375,0.7708134118639548,2.414306640625,8.571370442708332,32,250.0,6.424505710601807,10.06905746459961,46.99951171875,781,781,50.0,0,0,0,0,465.0,0.3669424219603751,-29.45741878739325,-68.59353052872015,15.383206753780424,43.110566235481926,42.604356120591945,426.4975049811465,6.537899951037533,1.5722435456137482,3.038663572234259,0.2758008645365613,0.0414164078091642,0.0085339610195348,0.0070891365046964,1.689694733144927,ERA5-Land ARCO 2001-2025; interpolacion bilineal en centro de segmento
7,8,6.384982,7.297122,0.895151,0.895151,solo_puntos_confianza_alta,1208.4703369140625,1219.533447265625,1238.7843017578125,30.31396484375,1208.4703369140625,1235.7647705078125,27.29443359375,3.0461429454994997,4.305167410954772,24.52041946405985,31,250.0,7.506031036376953,13.979642868041992,43.21435546875,762,762,50.0,0,0,0,0,994.0,0.7843887471583072,-29.44980380167879,-68.5961081752243,15.346733922918157,44.21372375772854,43.69337929763629,425.91668204990486,6.535400892545844,1.576126162085613,3.041739578369412,0.2801708815861623,0.0418386291339299,0.0087621771283203,0.0072311940631888,1.7150120102727235,ERA5-Land ARCO 2001-2025; interpolacion bilineal en centro de segmento
8,9,7.297122,8.209262,0.910271,0.910271,solo_puntos_confianza_alta,1229.3814697265625,1244.482666015625,1258.1456298828125,28.76416015625,1235.7647705078125,1255.735595703125,19.9708251953125,2.1892617860134136,2.644029405381944,7.47802734375,32,250.0,9.044997215270996,15.632360458374023,56.817138671875,777,777,50.0,0,0,0,0,231.0,0.1822875257480573,-29.4427042379227,-68.59992067305832,15.324933490228752,45.21780554639352,44.68610917705057,426.2486833275027,6.544371445174012,1.5794910978283114,3.044132427161804,0.2845049046273424,0.0423127245082446,0.0089620365496428,0.007393586252167,1.7401421729193556,ERA5-Land ARCO 2001-2025; interpolacion bilineal en centro de segmento
9,10,8.209262,9.121402,0.91214,0.91214,solo_puntos_confianza_alta,1253.7095947265625,1263.5340576171875,1273.0960693359375,19.386474609375,1255.735595703125,1269.63525390625,13.899658203125,1.5203042204208668,2.3954264322916665,8.027750651041666,32,250.0,7.589049816131592,10.06122875213623,49.1865234375,781,781,50.0,0,0,0,0,595.0,0.4695284754116627,-29.43448189061456,-68.60057393663813,15.286411716800078,46.29860741557225,45.75292348284194,423.4638928590474,6.511250220795642,1.5848524619589828,3.0508572926672684,0.2890437713627922,0.0425587226887059,0.0092005849542355,0.0074852329533849,1.7619192487053503,ERA5-Land ARCO 2001-2025; interpolacion bilineal en centro de segmento
10,11,9.121402,10.033542,0.91214,0.91214,solo_puntos_confianza_alta,1258.4722900390625,1263.2127685546875,1271.4935302734375,13.021240234375,1269.63525390625,1267.758544921875,-1.876708984375,-0.2052691595908009,2.2356906467013884,5.788167317708334,32,250.0,5.022562980651856,7.889823436737059,35.669921875,783,783,50.0,1,0,1,0,9631.0,7.600048313764242,-29.42625030704304,-68.60122793403598,15.248958161805028,47.3720564851875,46.81242995632217,420.62862680718985,6.477438917878022,1.5903639663642666,3.0578834831084207,0.2935066074029276,0.0428005750796277,0.0094394785971437,0.0075744365224444,1.78360827547142,ERA5-Land ARCO 2001-2025; interpolacion bilineal en centro de segmento
11,12,10.033542,10.945682,0.909223,0.909223,solo_puntos_confianza_alta,1266.7923583984375,1278.310546875,1289.5462646484375,22.75390625,1267.758544921875,1289.5462646484375,21.7877197265625,2.39388495660922,2.4979790581597228,5.275065104166667,32,250.0,4.318431854248047,6.539425849914551,36.7000732421875,782,782,50.0,0,0,0,0,268.0,0.2114850948072699,-29.418276697775266,-68.60289530317985,15.213197695503588,48.45489130726754,47.88075944954403,418.4358662040258,6.453434399880123,1.5969683366384986,3.067182224631286,0.2980714757872303,0.0430853441189947,0.0096815215997351,0.0076726263381308,1.8068167019406016,ERA5-Land ARCO 2001-2025; interpolacion bilineal en centro de segmento
12,13,10.945682,11.857823,0.912056,0.912056,solo_puntos_confianza_alta,1287.9853515625,1301.373046875,1315.7645263671875,27.7791748046875,1289.5462646484375,1315.6683349609375,26.1220703125,2.865855437389114,2.974650065104167,6.252441406250001,32,250.0,4.46734619140625,7.235974311828613,41.2850341796875,775,775,50.0,0,0,0,0,18.0,0.0142042227855629,-29.412425759752995,-68.60938402263508,15.188816277562204,49.47450044767132,48.88454237295575,419.66275307073386,6.4806413591439975,1.6082417118674224,3.0866673544808663,0.3027015446719351,0.0435528983950825,0.009913807153188,0.0078055696786556,1.835124302376056,ERA5-Land ARCO 2001-2025; interpolacion bilineal en centro de segmento
13,14,11.857823,12.769963,0.910502,0.910502,solo_puntos_confianza_alta,1314.26953125,1324.01953125,1331.9437255859375,17.6741943359375,1315.6683349609375,1331.874267578125,16.2059326171875,1.7796211029699809,2.0029839409722223,4.403076171875,32,250.0,3.3204009532928467,5.292295932769775,35.866943359375,778,778,50.0,0,0,0,0,49.0,0.0386670509162545,-29.407303357718863,-68.61667212044904,15.179302239313234,50.35108238469634,49.74699481149885,421.3686812673987,6.514211926879149,1.6203340779316997,3.108066308422342,0.3064503698227018,0.0440206717633571,0.0101265484960705,0.0079277735538923,1.8622320062185067,ERA5-Land ARCO 2001-2025; interpolacion bilineal en centro de segmento
14,15,12.769963,13.682103,0.912001,0.912001,solo_puntos_confianza_alta,1331.1434326171875,1344.7247314453125,1358.7548828125,27.6114501953125,1331.874267578125,1358.66162109375,26.787353515625,2.9343298961435598,2.970974392361111,7.949625651041667,32,250.0,3.63385272026062,5.873265743255615,35.6475830078125,776,776,50.0,0,0,0,0,49.0,0.0386670509162545,-29.40045251273184,-68.6218782448243,15.178221463264393,51.2296639751352,50.61268739596265,420.9292062319935,6.515828974074338,1.6312699686879506,3.1263235326546783,0.3095417341298783,0.0443991364915362,0.0103553164949501,0.0080236692946921,1.8874452131377064,ERA5-Land ARCO 2001-2025; interpolacion bilineal en centro de segmento
15,16,13.682103,14.594243,0.89963,0.89963,solo_puntos_confianza_alta,1347.2257080078125,1357.77685546875,1363.7598876953125,16.5341796875,1358.66162109375,1349.0980224609375,-9.5635986328125,-1.0611483202343353,3.239054361979167,14.044596354166666,32,250.0,4.597733497619629,7.185230731964111,29.0347900390625,771,771,50.0,0,0,0,0,214.0,0.1688724264505812,-29.39302873862987,-68.62562309285393,15.129237770780556,52.17727604629362,51.54562355382115,423.19448220750365,6.545054194950741,1.6349243398767066,3.133809388832769,0.3121441941361064,0.0447985775765599,0.0105869948286315,0.0081308042404407,1.9138521287204584,ERA5-Land ARCO 2001-2025; interpolacion bilineal en centro de segmento
16,17,14.594243,15.506383,0.906811,0.906811,solo_puntos_confianza_alta,1348.0760498046875,1357.7603759765625,1368.3740234375,20.2979736328125,1349.0980224609375,1363.4866943359375,14.388671875,1.5851846104470972,2.830702039930556,17.923990885416664,32,250.0,6.956116199493408,17.367488861083984,52.68798828125,776,776,50.0,0,0,0,0,1553.0,1.2255087769988442,-29.385177840636462,-68.62405365088172,15.06263248910313,53.01841693377423,52.3754585580901,423.10600314292094,6.5357968494275,1.631472733914707,3.1275925436730723,0.3140913155564323,0.0449786280539367,0.0107863845709869,0.0081921465843977,1.9315913378529104,ERA5-Land ARCO 2001-2025; interpolacion bilineal en centro de segmento
17,18,15.506383,16.418523,0.91214,0.91214,solo_puntos_confianza_alta,1345.2061767578125,1352.7362060546875,1363.4866943359375,18.280517578125,1363.4866943359375,1345.7056884765625,-17.781005859375,-1.9512299804257864,2.331882052951388,5.03662109375,32,250.0,5.011990070343018,6.740481376647949,42.602783203125,777,777,50.0,0,0,0,0,336.0,0.2651454919971743,-29.38036161120893,-68.61673564816404,15.006145310375448,53.350192814153885,52.70538287355983,420.1205323522353,6.483981336311288,1.6216414629617548,3.1085258634756245,0.3143640789596946,0.0448369468948195,0.010882761360916,0.0081677152046111,1.9330569641431443,ERA5-Land ARCO 2001-2025; interpolacion bilineal en centro de segmento
18,19,16.418523,17.330664,0.91214,0.91214,solo_puntos_confianza_alta,1341.222412109375,1348.4600830078125,1355.392578125,14.170166015625,1345.7056884765625,1351.897216796875,6.1915283203125,0.6794169982747309,2.4548746744791665,6.296793619791667,32,250.0,5.647038459777832,12.195035934448242,42.2034912109375,780,780,50.0,0,0,0,0,657.0,0.5184541316730461,-29.37590133250244,-68.60884607009575,14.949515161260598,53.63071846036612,52.9850837362963,416.9780404023813,6.430050548088894,1.611319472888803,3.0884166939870936,0.3144558536731907,0.0446815682637815,0.0109835427631865,0.0081342259530311,1.934297904094604,ERA5-Land ARCO 2001-2025; interpolacion bilineal en centro de segmento
19,20,17.330664,18.242804,0.908373,0.908373,solo_puntos_confianza_alta,1351.6728515625,1357.9351806640625,1366.74462890625,15.07177734375,1351.897216796875,1366.6826171875,14.785400390625,1.6271580024499184,1.949951171875,5.498860677083333,32,250.0,2.9934234619140625,4.50070333480835,25.53369140625,773,773,50.0,0,0,0,0,203.0,0.1601920680816261,-29.371447574471883,-68.6009680261326,14.89127638676452,53.91673290807974,53.27027460633156,413.9848921944021,6.378476548741084,1.6011546644762322,3.0685702125905263,0.3145480389840466,0.0445477589024353,0.011101353065707,0.0081007856607206,1.937174607146883,ERA5-Land ARCO 2001-2025; interpolacion bilineal en centro de segmento
20,21,18.242804,19.154944,0.908651,0.908651,solo_puntos_confianza_alta,1365.937255859375,1377.24072265625,1399.802734375,33.865478515625,1366.6826171875,1394.861572265625,28.178955078125,3.095711551427107,3.2080078125000004,12.290445963541668,32,250.0,6.1962199211120605,16.42278480529785,92.199462890625,778,778,50.0,0,0,0,0,83.0,0.0654972495112067,-29.363682001365785,-68.60018213939131,14.822137114042782,54.78888768096694,54.130633171642046,414.6910090640128,6.381810302190928,1.599102956283314,3.064969881628961,0.3165868234902728,0.0448211522352331,0.0113539281716195,0.0081689466603769,1.960835750037324,ERA5-Land ARCO 2001-2025; interpolacion bilineal en centro de segmento
21,22,19.154944,20.067084,0.850312,0.850312,solo_puntos_confianza_alta,1393.492919921875,1415.0921630859375,1429.908447265625,36.41552734375,1394.861572265625,1420.084716796875,25.22314453125,2.964404134296324,9.220203218005953,32.682698567708336,30,250.0,21.76388931274414,41.00636291503906,106.72021484375,676,676,50.0,0,0,0,0,1011.0,0.7978038464557833,-29.35770967096502,-68.60391740838476,14.781601914508489,55.578585929817976,54.90778747665708,417.0673012043116,6.413229460244686,1.6026272061307307,3.072345117522824,0.3187835751247269,0.0451787639271463,0.0115459164837083,0.008263747435711,1.9835587656815687,ERA5-Land ARCO 2001-2025; interpolacion bilineal en centro de segmento
22,23,20.067084,20.979224,0.854235,0.854235,solo_puntos_confianza_alta,1417.100341796875,1439.5384521484375,1460.326416015625,43.22607421875,1420.084716796875,1459.9896240234375,39.9049072265625,4.674328400568145,7.890377952938989,27.983805338541668,30,250.0,26.88627052307129,47.74557495117188,128.0655517578125,723,723,50.0,0,0,0,0,866.0,0.6833809406831932,-29.359338196621728,-68.60981560344588,14.812739197103372,55.55303424363241,54.88012287547336,419.3462648422324,6.450732193303946,1.6098031992330326,3.086510321179817,0.3191867381837131,0.0453168496452325,0.0114905610648126,0.0083054434259885,1.98463321890428,ERA5-Land ARCO 2001-2025; interpolacion bilineal en centro de segmento
23,24,20.979224,21.891364,0.869406,0.869406,solo_puntos_confianza_alta,1458.337646484375,1483.5802001953125,1503.1593017578125,44.8216552734375,1459.9896240234375,1502.091064453125,42.1014404296875,4.846713076812972,5.209932992126262,13.142496744791668,30,250.0,18.22734832763672,33.599937438964844,92.240478515625,738,738,50.0,0,0,0,0,411.0,0.3243297536036864,-29.356537260964277,-68.61543833730063,14.80598906074712,56.02604496191572,55.344153909620935,422.0114647817022,6.48987655706087,1.6159241865051073,3.098881554004033,0.3207775189012279,0.0456035451915573,0.0115685599018746,0.0083877058235686,1.9983712660064417,ERA5-Land ARCO 2001-2025; interpolacion bilineal en centro de segmento
24,25,21.891364,22.803505,0.787344,0.787344,solo_puntos_confianza_alta,1432.9859619140625,1471.884033203125,1506.197021484375,73.2110595703125,1502.091064453125,1439.0284423828125,-63.0626220703125,-8.005634797946904,10.337039262820513,26.741129557291664,28,250.0,15.340157508850098,30.419416427612305,81.64794921875,669,669,50.0,0,0,0,0,172.0,0.1357292399509344,-29.355966425851484,-68.62206150473129,14.82114000523643,56.27056054752353,55.58245762510377,424.81917281824457,6.533498368328872,1.623562927518459,3.11412674424866,0.3218951248960576,0.0458406895638682,0.0115757580802896,0.008457959754657,2.006326068792178,ERA5-Land ARCO 2001-2025; interpolacion bilineal en centro de segmento
25,26,22.803505,23.753001,0.91665,0.91665,solo_puntos_confianza_alta,1431.5550537109375,1440.9129638671875,1453.48095703125,21.9259033203125,1439.0284423828125,1452.1859130859375,13.157470703125,1.4345170720712002,3.753445095486111,10.971272786458334,32,250.0,13.175137519836426,27.217548370361328,65.2445068359375,780,780,50.0,1,0,1,0,3040.0,2.3989354037839576,-29.35025837398375,-68.62725308369919,14.791135500522376,57.05575882830885,56.35436975972641,427.4317785874538,6.568902921283662,1.6285004996125656,3.1244124730361165,0.3242283264068252,0.0461868828301091,0.0117176389591781,0.0085644014620361,2.0258480172035136,ERA5-Land ARCO 2001-2025; interpolacion bilineal en centro de segmento
26,27,23.753001,24.702498,0.934837,0.934837,solo_puntos_confianza_alta,1450.8997802734375,1459.8868408203125,1465.8297119140625,14.929931640625,1452.1859130859375,1463.7645263671875,11.57861328125,1.2371185800925864,4.384030577956989,18.434244791666668,33,250.0,8.950010299682617,18.898099899291992,62.37158203125,783,783,50.0,0,0,0,0,591.0,0.4663719814593154,-29.34309977110013,-68.6290623762683,14.739960499514332,57.911120465781465,57.19683019852993,428.7096432042937,6.581845477694978,1.6291528330152298,3.126301669685013,0.3264731980042618,0.0464595624363434,0.0118965363547854,0.0086519785660667,2.045285809642982,ERA5-Land ARCO 2001-2025; interpolacion bilineal en centro de segmento
27,28,24.702498,25.651994,0.941716,0.941716,solo_puntos_confianza_alta,1463.44287109375,1475.5032958984375,1484.5396728515625,21.0968017578125,1463.7645263671875,1480.5416259765625,16.777099609375,1.781690268802255,3.437723139280914,10.487060546875,33,250.0,10.606245994567873,23.905054092407227,70.5240478515625,799,799,50.0,0,0,0,0,1031.0,0.8135863162175199,-29.33757686437992,-68.63585118931377,14.719474289451476,58.707374587338265,57.97881661889801,431.6921363460983,6.623258414359471,1.63572021876764,3.1399116219873746,0.328985442579133,0.0468115373515614,0.0119983367257033,0.0087722102044034,2.0627211004955743,ERA5-Land ARCO 2001-2025; interpolacion bilineal en centro de segmento
28,29,25.651994,26.601491,0.890621,0.890621,solo_puntos_confianza_alta,1479.7607421875,1499.6165771484375,1522.4267578125,42.666015625,1480.5416259765625,1517.7496337890625,37.2080078125,4.1753897549117935,5.825927734375001,14.037679036458334,31,250.0,13.160894393920898,25.917207717895508,76.233154296875,741,741,50.0,0,0,0,0,1031.0,0.8135863162175199,-29.331643822124693,-68.64066092883276,14.690573844160138,59.49351654170631,58.7516179140425,433.8181133315254,6.650779009567011,1.6398273105435974,3.148680903187515,0.3313243508268887,0.0471010583959695,0.0121055498045828,0.0088771201826672,2.0785333760090112,ERA5-Land ARCO 2001-2025; interpolacion bilineal en centro de segmento
29,30,26.601491,27.550988,0.882798,0.882798,solo_puntos_confianza_alta,1517.7496337890625,1532.7813720703125,1550.5269775390625,32.77734375,1517.7496337890625,1545.225341796875,27.4757080078125,3.108153768195241,5.064556954920977,17.23876953125,31,250.0,12.14033317565918,24.02505111694336,54.4072265625,746,746,50.0,0,0,0,0,697.0,0.5500190711965193,-29.327472927975247,-68.64612789916004,14.67876921970967,60.094834188211166,59.34188855364644,435.9851197880271,6.680710969406476,1.6449619903135972,3.159384927649132,0.333270005065952,0.047344648383968,0.0121550756152455,0.0089712399529477,2.089464137422908,ERA5-Land ARCO 2001-2025; interpolacion bilineal en centro de segmento
30,31,27.550988,28.500484,0.942778,0.942778,solo_puntos_confianza_alta,1543.106201171875,1559.4520263671875,1575.13427734375,32.028076171875,1545.225341796875,1571.75830078125,26.532958984375,2.810092968210885,3.8317477318548394,12.718098958333332,33,250.0,11.866299629211426,26.638641357421875,63.923583984375,794,794,50.0,0,0,0,0,654.0,0.5160867612087856,-29.319550242215797,-68.64796442303646,14.626226293040702,61.02098332402733,60.25389217314634,436.93757291901454,6.687767252839978,1.6451043822749445,3.1604566628615096,0.3357289767994155,0.0475830429581579,0.012306670958557,0.009066544734548,2.1063719405118824,ERA5-Land ARCO 2001-2025; interpolacion bilineal en centro de segmento
31,32,28.500484,29.449981,0.938586,0.938586,solo_puntos_confianza_alta,1571.75830078125,1587.9876708984375,1603.8258056640625,32.0675048828125,1571.75830078125,1603.0689697265625,31.3106689453125,3.3394066449109783,3.6878228956653225,15.6884765625,33,250.0,9.075708389282228,20.598678588867188,77.21630859375,796,796,50.0,0,0,0,0,60.0,0.0473474092852096,-29.314000245485488,-68.65466665784042,14.61155947026792,61.7959939724576,61.01466103896494,439.3475611865063,6.720143359156895,1.6510363990607253,3.1729884992094477,0.338234156064338,0.0478535724768691,0.0123453718872472,0.0091861954331249,2.117698289743173,ERA5-Land ARCO 2001-2025; interpolacion bilineal en centro de segmento
32,33,29.449981,30.399477,0.932606,0.932606,solo_puntos_confianza_alta,1602.9654541015625,1615.0946044921875,1628.802978515625,25.8375244140625,1603.0689697265625,1628.802978515625,25.7340087890625,2.762331958028098,2.996747416834677,9.304606119791666,33,250.0,5.217023849487305,10.78535270690918,50.8702392578125,790,790,50.0,0,0,0,0,99.0,0.0781232253205959,-29.311962038856137,-68.66381127696243,14.633758428625365,62.23546401745988,61.443554258062655,442.3608017230261,6.765533163603264,1.6603901347684262,3.192092925221964,0.3401198786519102,0.0480773679523015,0.0122736245998726,0.009295402715853,2.120964320157686,ERA5-Land ARCO 2001-2025; interpolacion bilineal en centro de segmento
33,34,30.399477,31.348974,0.947567,0.947567,solo_puntos_confianza_alta,1627.974609375,1638.8173828125,1648.5849609375,20.6103515625,1628.802978515625,1646.1800537109375,17.3770751953125,1.8329703018280887,2.361220493111559,6.844889322916667,33,250.0,2.867983818054199,4.71134614944458,29.6829833984375,802,802,50.0,0,0,0,0,73.0,0.0576060146303384,-29.30850885777833,-68.67139591252948,14.640650090649595,62.79007782838524,61.9865752708099,444.7829634841813,6.800201986425057,1.6675852917465008,3.207034134962477,0.3421713588665113,0.0482849967985274,0.0122342510722863,0.0094031938940253,2.125692525588428,ERA5-Land ARCO 2001-2025; interpolacion bilineal en centro de segmento
34,35,31.348974,32.298471,0.949493,0.949493,solo_puntos_confianza_alta,1645.989990234375,1655.1976318359375,1668.568115234375,22.578125,1646.1800537109375,1666.7520751953125,20.572021484375,2.165949297368206,2.500945060483871,9.771728515625,33,250.0,4.107740879058838,8.773268699645996,36.23876953125,808,808,50.0,0,0,0,0,320.0,0.252519516187785,-29.302408491457268,-68.67825041241794,14.62783020727206,63.61118211994504,62.79243537634523,446.80527232521854,6.8259260979288285,1.6731004771261024,3.218949870028291,0.3448491863256592,0.0485044721423567,0.0122283787346913,0.0095297062593527,2.1329667696260097,ERA5-Land ARCO 2001-2025; interpolacion bilineal en centro de segmento
35,36,32.298471,33.268426,0.96512,0.96512,solo_puntos_confianza_alta,1666.4266357421875,1678.2783203125,1690.898193359375,24.4715576171875,1666.7520751953125,1690.898193359375,24.1461181640625,2.502189750697561,2.5666427612304688,5.041910807291667,34,250.0,3.967383623123169,7.857671737670898,39.2161865234375,805,805,50.0,0,0,0,0,214.0,0.1688724264505812,-29.296618350245883,-68.68545736291095,14.57368689274228,64.69919617473626,63.856713548133975,450.0336813363944,6.86654891249171,1.6765858371158646,3.228063551072641,0.3478171610473067,0.0487553680008878,0.0121682613508015,0.009661433532358,2.1388142328653337,ERA5-Land ARCO 2001-2025; interpolacion bilineal en centro de segmento
36,37,33.268426,34.238381,0.965565,0.965565,solo_puntos_confianza_alta,1689.625244140625,1703.0283203125,1717.081787109375,27.45654296875,1690.898193359375,1716.1551513671875,25.2569580078125,2.617557274807596,2.7405420939127607,6.1328125,34,250.0,4.0615739822387695,6.319814205169678,44.23876953125,814,814,50.0,0,0,0,0,274.0,0.2162198357357909,-29.293796437045717,-68.69455025702239,14.55232529510141,65.5065011675041,64.64564101618974,453.6283940900111,6.917628715254188,1.6831643831369922,3.2428886456470747,0.3503517912558514,0.0489638572923627,0.0120293409598366,0.0097762880684598,2.138364732793782,ERA5-Land ARCO 2001-2025; interpolacion bilineal en centro de segmento
37,38,34.238381,35.208336,0.969307,0.969307,solo_puntos_confianza_alta,1715.9964599609375,1731.7530517578125,1747.0394287109375,31.04296875,1716.1551513671875,1746.5423583984375,30.38720703125,3.1363647246290616,3.1528600056966147,5.607096354166666,34,250.0,4.1047868728637695,5.911601543426514,46.217041015625,813,813,50.0,0,0,0,0,225.0,0.1775527848195363,-29.28902871387577,-68.70280083213038,14.384201643660692,67.75897289990685,66.85745055528034,456.1597466205767,6.952048489195547,1.6825438456983204,3.2451049442462025,0.3551946627124205,0.0493015123365866,0.0119699793517578,0.009903119194905,2.1476867266666577,ERA5-Land ARCO 2001-2025; interpolacion bilineal en centro de segmento
38,39,35.208336,36.178291,0.967784,0.967784,solo_puntos_confianza_alta,1745.889892578125,1760.3255615234375,1775.7984619140625,29.9085693359375,1746.5423583984375,1775.1229248046875,28.58056640625,2.953478003509342,3.387705485026042,8.795166015625,34,250.0,6.424013614654541,12.03717803955078,49.2374267578125,813,813,50.0,0,0,0,0,88.0,0.0694428669516408,-29.284935246158632,-68.71151134305072,14.02222708786558,72.07764349685405,71.10018394269933,455.6887178338987,6.947119029565882,1.6747306713268544,3.234105631020808,0.3629321146838637,0.0498745871902808,0.0120634215210751,0.010042092308429,2.1740726338135072,ERA5-Land ARCO 2001-2025; interpolacion bilineal en centro de segmento
39,40,36.178291,37.148247,0.968793,0.968793,solo_puntos_confianza_alta,1774.6739501953125,1790.1036376953125,1803.6304931640625,28.95654296875,1775.1229248046875,1802.47119140625,27.3482666015625,2.8233389225837446,2.9313786824544272,8.116861979166666,34,250.0,9.176958084106444,19.47921562194824,58.710205078125,811,811,50.0,0,0,0,0,21.0,0.0165715932498233,-29.278894804308703,-68.71857252134373,13.671582057709172,76.2126485678439,75.15245300436791,456.13856457179554,6.948984470684442,1.6663633107361528,3.2218668489062554,0.3701415946952012,0.0504523629175619,0.0121498879250047,0.0101913816797447,2.1996811364313738,ERA5-Land ARCO 2001-2025; interpolacion bilineal en centro de segmento
40,41,37.148247,38.205326,1.022424,1.022424,solo_puntos_confianza_alta,1796.322509765625,1804.638671875,1812.3076171875,15.985107421875,1802.47119140625,1807.9600830078125,5.4888916015625,0.5360006908785816,5.634322820925245,23.57421875,36,250.0,9.656207084655762,21.804697036743164,65.361083984375,847,847,50.0,1,0,1,0,5579.0,4.402519940036415,-29.27312442350313,-68.72528557443596,13.338183043644314,80.19971146060954,79.05276772857539,456.5538274503522,6.949219052205258,1.659020512213438,3.2110046388842144,0.3768547207733438,0.0510380253554406,0.0122385973939948,0.0103413749495048,2.2249912784520043,ERA5-Land ARCO 2001-2025; interpolacion bilineal en centro de segmento
41,42,38.205326,39.262404,1.048696,1.048696,solo_puntos_confianza_alta,1807.9600830078125,1825.30859375,1846.173095703125,38.2130126953125,1807.9600830078125,1843.696044921875,35.7359619140625,3.4014948096037507,4.726504371279762,12.436116536458334,37,250.0,14.186387062072754,29.370441436767575,98.2286376953125,860,860,50.0,0,0,0,0,908.0,0.71652412718284,-29.26420011068786,-68.72737210766971,13.084285077512362,83.06320570350974,81.83967934392169,458.8771266389621,6.965835798213859,1.6509403693006208,3.198325412689009,0.3815080563114381,0.0514904398593695,0.0122894880947411,0.0104782341916606,2.24322453183715,ERA5-Land ARCO 2001-2025; interpolacion bilineal en centro de segmento
42,43,39.262404,40.319483,1.049021,1.049021,solo_puntos_confianza_alta,1842.09228515625,1858.99267578125,1875.631591796875,33.539306640625,1843.696044921875,1873.7198486328125,30.0238037109375,2.8567046051663723,4.774425688244048,11.194661458333334,37,250.0,19.01180648803711,32.708473205566406,84.201904296875,860,860,50.0,0,0,0,0,1541.0,1.2160392951418022,-29.25557133721488,-68.73096855337742,12.789514832866498,86.50955992987292,85.19321965970178,460.7828092987904,6.9772235854681846,1.6431315721392314,3.1860819770744278,0.3869485814754119,0.0520490794522302,0.0123614626148194,0.0106362903350375,2.265747396125166,ERA5-Land ARCO 2001-2025; interpolacion bilineal en centro de segmento
43,44,40.319483,41.376562,1.039311,1.039311,solo_puntos_confianza_alta,1872.621826171875,1890.24169921875,1909.3731689453125,36.7513427734375,1873.7198486328125,1889.7159423828125,15.99609375,1.536517887314376,6.783644903273809,30.953369140625,36,250.0,18.29702377319336,31.691211700439453,86.657958984375,850,850,50.0,0,0,0,0,993.0,0.7835996236702204,-29.24661327420765,-68.73327141609248,12.52873568884806,89.52668158133906,88.12249811775253,463.0474026652924,6.991561445142184,1.6357038042878649,3.174227291888929,0.3915814920718745,0.0525571876145142,0.0124224503186021,0.010785358023017,2.285689055149115,ERA5-Land ARCO 2001-2025; interpolacion bilineal en centro de segmento
44,45,41.376562,42.433641,1.039236,1.039236,solo_puntos_confianza_alta,1845.6376953125,1863.3768310546875,1892.3096923828125,46.6719970703125,1889.7159423828125,1846.1304931640625,-43.58544921875,-4.192403048674936,5.203510359221815,20.772705078125,36,250.0,11.061735153198242,24.166465759277344,106.2216796875,855,855,50.0,0,0,0,0,198.0,0.1562464506411919,-29.23931311046172,-68.72733584626118,12.560578594302145,88.68194342162028,87.2911567146904,466.5575320915584,7.024796148113447,1.630264456919475,3.165294427269147,0.3905495234334299,0.052406774115403,0.0123658919948877,0.0107872266662091,2.278650144038445,ERA5-Land ARCO 2001-2025; interpolacion bilineal en centro de segmento
45,46,42.433641,43.445993,0.986789,0.986789,solo_puntos_confianza_alta,1828.6009521484373,1839.641845703125,1847.9300537109373,19.3291015625,1846.1304931640625,1830.014404296875,-16.1160888671875,-1.633661813814581,3.489389425685554,15.638834635416668,34,250.0,8.81975269317627,18.48587989807129,67.74658203125,831,831,50.0,0,0,0,0,1288.0,1.0163910526558346,-29.23647228924821,-68.71785514172379,12.796774873564743,85.27584602672968,83.97545881890291,469.4705157409165,7.058968042143109,1.6281342102381264,3.161750533737996,0.3858723279653748,0.0517979878799169,0.0122405147665235,0.0106711505396451,2.253693153539841,ERA5-Land ARCO 2001-2025; interpolacion bilineal en centro de segmento
46,47,43.445993,44.458344,0.965959,0.965959,solo_puntos_confianza_alta,1813.4700927734373,1824.537353515625,1836.527587890625,23.0574951171875,1830.014404296875,1815.5042724609373,-14.5101318359375,-1.501666894928187,4.091275533040365,13.100992838541666,34,250.0,8.032459259033203,15.539019584655762,81.3001708984375,802,802,50.0,1,1,1,1,19829.0,15.647529645273716,-29.232081305802804,-68.71024025696458,12.94148875014941,82.97039538705991,81.73592078595811,472.4804203884619,7.092928511986289,1.6240669589377523,3.155334413217448,0.3830273395006191,0.0513532976168892,0.0121402267230541,0.0105968164059569,2.235780515626061,ERA5-Land ARCO 2001-2025; interpolacion bilineal en centro de segmento
47,48,44.458344,45.470695,1.010319,1.010319,solo_puntos_confianza_alta,1814.4390869140625,1830.7882080078125,1847.113037109375,32.6739501953125,1815.5042724609373,1846.0943603515625,30.590087890625,3.02201213894238,3.135076784620098,7.934163411458334,35,250.0,3.6976735591888423,5.379294872283936,43.4742431640625,839,839,50.0,1,1,1,1,19615.0,15.478657218823136,-29.22602629121932,-68.7045090017256,12.991671426848718,81.79065322452226,80.59795682240392,475.62203921446815,7.127164332208109,1.617861167621497,3.145758675136677,0.3820920808775117,0.0510723217385586,0.0120645552011177,0.0105646307256546,2.22497428850357,ERA5-Land ARCO 2001-2025; interpolacion bilineal en centro de segmento
48,49,45.470695,46.483047,1.011547,1.011547,solo_puntos_confianza_alta,1845.8966064453125,1859.5194091796875,1871.8985595703125,26.001953125,1846.0943603515625,1871.832763671875,25.7384033203125,2.5393737414967346,2.555302638633578,7.532552083333334,35,250.0,4.176816463470459,5.447083950042725,52.3399658203125,838,838,50.0,1,1,1,1,10192.0,8.042746590580952,-29.217454160147252,-68.7011242115058,12.914819074148012,82.12216215237433,80.93685299487466,479.0611492447088,7.162522989894392,1.6087294453970449,3.131794017688028,0.3836720947871432,0.0510176548116697,0.0120220048375791,0.0105917777459267,2.2238108894451143,ERA5-Land ARCO 2001-2025; interpolacion bilineal en centro de segmento
49,50,46.483047,47.495398,0.996679,0.996679,solo_puntos_confianza_alta,1871.6636962890625,1883.21435546875,1897.3155517578125,25.65185546875,1871.832763671875,1896.40966796875,24.576904296875,2.462606379099997,2.516670612373737,6.111246744791667,35,250.0,3.1054847240448,4.164253234863281,37.8326416015625,829,829,50.0,1,0,1,0,6906.0,5.449686808727636,-29.209272782149164,-68.7008253952502,12.750082256411575,83.70675530574317,82.49206579760603,481.70676293451976,7.187261171072362,1.600148417954946,3.118658002925625,0.3868974324227194,0.0511976137497899,0.0120249569576514,0.0106670065551056,2.231971478480807,ERA5-Land ARCO 2001-2025; interpolacion bilineal en centro de segmento
50,51,47.495398,48.466325,0.966125,0.966125,solo_puntos_confianza_alta,1895.5078125,1909.8453369140625,1924.0189208984373,28.5111083984375,1896.40966796875,1923.822021484375,27.412353515625,2.834308255806511,2.8008015950520835,4.95849609375,34,250.0,3.2685556411743164,4.036793231964111,41.1806640625,812,812,50.0,0,0,0,0,32.0,0.0252519516187785,-29.202531021993515,-68.70708372129239,12.412672322527476,87.92692533321542,86.59116976302093,482.4316380897043,7.184405538732837,1.5946632463991244,3.109901887832822,0.3930593391354348,0.0519326123917349,0.0121370602137908,0.0108540735355682,2.261140258405338,ERA5-Land ARCO 2001-2025; interpolacion bilineal en centro de segmento
51,52,48.466325,49.437252,0.962468,0.962468,solo_puntos_confianza_alta,1923.29736328125,1937.65625,1956.7115478515625,33.4141845703125,1923.822021484375,1956.7115478515625,32.8895263671875,3.4147252852929104,3.607343037923177,11.337483723958334,34,250.0,17.4643611907959,49.35044479370117,126.2283935546875,810,810,50.0,0,0,0,0,480.0,0.3787792742816775,-29.196726092892828,-68.71421376446064,12.055490063924877,92.70566723343404,91.2002203064066,482.5698274302956,7.174417844488417,1.5956425261630578,3.1099897584502543,0.3982764920697112,0.0527469833340154,0.0123228460044871,0.0110426830579475,2.294628064261876,ERA5-Land ARCO 2001-2025; interpolacion bilineal en centro de segmento
52,53,49.437252,50.408178,0.967458,0.967458,solo_puntos_confianza_alta,1954.9400634765625,1967.05712890625,1983.987060546875,29.0469970703125,1956.7115478515625,1979.8631591796875,23.151611328125,2.3879679192398497,3.1298065185546875,8.168538411458332,34,250.0,22.536354064941406,67.78507995605469,165.7999267578125,812,812,50.0,0,0,0,0,549.0,0.4332287949596687,-29.18955770911516,-68.71878509351482,11.739288776142637,96.9471552453329,95.265783824936,483.5166522266401,7.177392252928921,1.6004216089340348,3.1151543938720367,0.4015812743904,0.0533257352215921,0.0125231342825295,0.0111727469696717,2.3212966406358766,ERA5-Land ARCO 2001-2025; interpolacion bilineal en centro de segmento
53,54,50.408178,51.379105,0.969878,0.969878,solo_puntos_confianza_alta,1979.05908203125,1994.726806640625,2011.947021484375,32.887939453125,1979.8631591796875,2011.35205078125,31.4888916015625,3.2395673874069706,3.829663594563802,15.535888671875,34,250.0,16.167945861816406,44.606910705566406,110.8597412109375,817,817,50.0,1,1,1,1,16030.0,12.649649514031855,-29.180952471400044,-68.7173559458706,11.568152096660365,98.99224892929163,97.20319826945511,486.29763049661074,7.206025151749335,1.604211667339459,3.118627238507208,0.4018661698537559,0.0534238381811181,0.0126542818351396,0.0112026138948245,2.33067276294798,ERA5-Land ARCO 2001-2025; interpolacion bilineal en centro de segmento
54,55,51.379105,52.350032,0.959949,0.959949,solo_puntos_confianza_alta,2010.041015625,2029.72216796875,2053.175048828125,43.134033203125,2011.35205078125,2039.3853759765625,28.0333251953125,2.914843082720762,7.729225158691406,23.91357421875,34,250.0,18.395586013793945,51.387481689453125,171.3607177734375,809,809,50.0,0,0,0,0,1053.0,0.83094703295543,-29.172519453895983,-68.71809746996739,11.33860540536702,101.90924113585444,99.98336689405096,488.4712749866544,7.226363405579431,1.6085699695335176,3.1230183185560394,0.4032843749836118,0.0536876456474092,0.0128124320264736,0.0112668839734274,2.346184461783233,ERA5-Land ARCO 2001-2025; interpolacion bilineal en centro de segmento
55,56,52.350032,53.33132,0.974825,0.974825,solo_puntos_confianza_alta,2038.60400390625,2052.317138671875,2067.775634765625,29.171630859375,2039.3853759765625,2065.985595703125,26.6002197265625,2.7259516733727494,2.614707946777344,6.06689453125,34,250.0,18.95958137512207,54.90755081176758,97.8935546875,817,817,50.0,1,1,1,1,18497.0,14.596417159142062,-29.165560994145995,-68.72380866219216,11.01515659855758,106.34073062896545,104.23110855200204,488.7461332578482,7.2249572872318275,1.6138986713864778,3.1296862802810343,0.4071594487979667,0.0542216241485885,0.0129930374892455,0.0113833730185815,2.3707078305850824,ERA5-Land ARCO 2001-2025; interpolacion bilineal en centro de segmento
56,57,53.33132,54.312609,0.973971,0.973971,solo_puntos_confianza_alta,2064.486572265625,2079.740478515625,2094.062255859375,29.57568359375,2065.985595703125,2092.259521484375,26.27392578125,2.692483361952484,5.364837646484375,21.84895833333333,34,250.0,15.939200401306152,37.31058883666992,99.947998046875,814,814,50.0,1,0,1,0,4439.0,3.50291916361743,-29.15861967064902,-68.72898156900163,10.716186454252268,110.44146281731904,108.15858343799437,489.0219028522284,7.225570077093749,1.619185985435882,3.1365464231126428,0.4107419227985385,0.0546594448968322,0.0131526835000458,0.0114781067377283,2.3914611577249896,ERA5-Land ARCO 2001-2025; interpolacion bilineal en centro de segmento
57,58,54.312609,55.293897,0.972412,0.972412,solo_puntos_confianza_alta,2092.259521484375,2106.695068359375,2118.608154296875,26.3486328125,2092.259521484375,2117.13623046875,24.876708984375,2.5536700162739545,4.4612884521484375,16.312662760416664,34,250.0,21.71372985839844,43.45460891723633,101.792236328125,815,815,50.0,1,0,1,0,2998.0,2.365792217284311,-29.150822234638213,-68.73345572455071,10.424333788117025,114.4173574489672,111.96088729598368,489.5916378150962,7.231156581048278,1.6248052211355413,3.143920867556205,0.4140527209569561,0.0550126247893093,0.0133051480032548,0.0115545279201308,2.4094616493331364,ERA5-Land ARCO 2001-2025; interpolacion bilineal en centro de segmento
58,59,55.293897,56.275185,0.974536,0.974536,solo_puntos_confianza_alta,2117.0810546875,2132.85009765625,2148.897216796875,31.816162109375,2117.13623046875,2147.359375,30.22314453125,3.0959396726955286,3.7241363525390634,9.771321614583334,34,250.0,18.875215530395508,38.81245422363281,101.98974609375,818,818,50.0,0,0,0,0,888.0,0.7007416574211034,-29.143284394066605,-68.73830128101925,10.138479281687577,118.35511823940188,115.72637740838522,489.8320006907778,7.234847616623943,1.63056486688303,3.151885096930931,0.4175242867420204,0.0553236373742111,0.0134421979863567,0.0116198492260656,2.42554039690544,ERA5-Land ARCO 2001-2025; interpolacion bilineal en centro de segmento
59,60,56.275185,57.256473,0.975802,0.975802,solo_puntos_confianza_alta,2145.177490234375,2160.352294921875,2178.25048828125,33.072998046875,2147.359375,2173.285400390625,25.926025390625,2.6515771584170915,3.177591959635417,8.36181640625,34,250.0,16.883752822875977,35.13840866088867,97.2998046875,814,814,50.0,1,1,3,3,94543.0,74.60610193419299,-29.13490474640347,-68.74035512660325,9.906977963255748,121.42442226378952,118.650107762559,491.112568064543,7.250818803009697,1.6358152955277054,3.1586787462542345,0.4196163663485672,0.0554710234899463,0.0135638660295287,0.0116529976835755,2.436088442413088,ERA5-Land ARCO 2001-2025; interpolacion bilineal en centro de segmento
60,61,57.256473,58.268438,1.004719,1.004719,solo_puntos_confianza_alta,2173.285400390625,2188.131103515625,2209.953125,36.667724609375,2173.285400390625,2203.4912109375,30.205810546875,3.000200235125956,4.781679095643939,15.752766927083334,35,250.0,18.352821350097656,48.24798583984375,158.17578125,836,836,50.0,1,1,1,1,74265.0,58.604255842768296,-29.12666351889642,-68.74395003085671,9.649797811532087,124.9341170636319,121.99806055129964,491.7172517839204,7.26108356544796,1.6416940977814,3.166927198832881,0.4225033126123245,0.055638789964431,0.0136805436886911,0.0116872434635469,2.4470746041478737,ERA5-Land ARCO 2001-2025; interpolacion bilineal en centro de segmento
61,62,58.268438,59.280403,1.002522,1.002522,solo_puntos_confianza_alta,2200.419921875,2214.23974609375,2227.471435546875,27.051513671875,2203.4912109375,2226.03125,22.5400390625,2.244772278813784,2.966012665719697,9.09423828125,35,250.0,21.609149932861328,51.38153076171875,122.068603515625,835,835,50.0,1,1,2,1,72241.0,57.00706990288056,-29.119534915913107,-68.74958221911389,9.381638019860803,128.73902413812704,125.63374604336562,491.1673881501271,7.261268058968636,1.6479480910226465,3.176653746572799,0.4263281901289545,0.0558106718921749,0.0137742850169273,0.0117171559932568,2.4571654878941858,ERA5-Land ARCO 2001-2025; interpolacion bilineal en centro de segmento
62,63,59.280403,60.292367,1.006127,1.006127,solo_puntos_confianza_alta,2225.938720703125,2239.794921875,2253.04443359375,27.105712890625,2226.03125,2252.3271484375,26.2958984375,2.607818100753873,2.7671736900252526,6.334635416666666,35,250.0,14.056811332702637,37.77854919433594,78.117919921875,836,836,50.0,1,1,2,2,67914.0,53.59253256992885,-29.110817381753755,-68.75198143171934,9.155085469693518,131.79733124479708,128.5428548845715,492.0907896695575,7.277258417552932,1.6538199769085535,3.184993965064706,0.4286332110619471,0.0558469500948542,0.0138705717511356,0.011722936309239,2.463384783165262,ERA5-Land ARCO 2001-2025; interpolacion bilineal en centro de segmento
63,64,60.292367,61.304332,1.004299,1.004299,solo_puntos_confianza_alta,2252.3271484375,2267.62109375,2286.993408203125,34.666259765625,2252.3271484375,2286.993408203125,34.666259765625,3.444997474980338,3.368770714962121,9.6728515625,35,250.0,6.651112079620361,14.896970748901367,55.056640625,827,827,50.0,1,1,1,1,23496.0,18.541245476088115,-29.10254716498449,-68.75559963215419,8.920507738902325,135.05524576800977,131.644927437113,492.32321128720025,7.287871215863864,1.660082999196487,3.194530731581075,0.4315239679820846,0.0558662525442987,0.01395086000581,0.0117215357787006,2.4684182482868566,ERA5-Land ARCO 2001-2025; interpolacion bilineal en centro de segmento
64,65,61.304332,62.316297,1.010268,1.010268,solo_puntos_confianza_alta,2283.25146484375,2298.0341796875,2312.433349609375,29.181884765625,2286.993408203125,2312.433349609375,25.43994140625,2.512883534884757,3.514521295277929,15.545247395833334,35,250.0,5.500534057617188,11.171222686767578,56.80419921875,841,841,50.0,1,1,2,1,14276.0,11.26552691592756,-29.09375751355016,-68.7551719005954,8.791174994260798,136.82765255754305,133.33014104511545,489.60461621112086,7.245981282044864,1.6701382535987002,3.221009990210276,0.4336113770201549,0.0561368503134792,0.0140642997470012,0.011807039789844,2.4809398309923387,ERA5-Land ARCO 2001-2025; interpolacion bilineal en centro de segmento
65,66,62.316297,63.328261,1.007068,1.007068,solo_puntos_confianza_alta,2312.021728515625,2329.005615234375,2348.36474609375,36.343017578125,2312.433349609375,2347.973876953125,35.54052734375,3.522678281777093,4.003561000631313,9.5751953125,35,250.0,5.792505264282227,11.771678924560549,55.015625,842,842,50.0,1,1,1,1,14276.0,11.26552691592756,-29.08559951994573,-68.75978169555482,8.60830780276595,139.678459137866,136.0623975578983,483.1388225758191,7.163171917542232,1.6841749591195347,3.260171898817591,0.4386111165567511,0.0565517529216461,0.0141551722036675,0.0119159385640959,2.4964878040425327,ERA5-Land ARCO 2001-2025; interpolacion bilineal en centro de segmento
66,67,63.328261,64.340226,1.009501,1.009501,solo_puntos_confianza_alta,2345.87939453125,2365.285400390625,2380.5556640625,34.67626953125,2347.973876953125,2380.51904296875,32.545166015625,3.217569967012927,3.223498582246957,8.439127604166668,35,250.0,5.277469635009766,8.385680198669434,52.423583984375,838,838,50.0,0,0,0,0,194.0,0.1530899566888446,-29.077581679279994,-68.76430855461093,8.44330543863316,142.26832942961326,138.5469246014292,476.75744928865504,7.080764560571455,1.6983771083998878,3.300499055705563,0.4434653046132674,0.0569474643225715,0.0142350413126099,0.0120158178068017,2.5109718501386284,ERA5-Land ARCO 2001-2025; interpolacion bilineal en centro de segmento
67,68,64.340226,65.352191,1.011951,1.011951,solo_puntos_confianza_alta,2379.73974609375,2397.152587890625,2415.8271484375,36.08740234375,2380.51904296875,2415.181396484375,34.662353515625,3.4197890634152155,3.4878787611986097,6.438802083333334,35,250.0,3.651838541030884,4.486335277557373,50.884765625,839,839,50.0,0,0,0,0,109.0,0.0860144602014642,-29.07017530433956,-68.77016626792381,8.283571048385797,144.84049563699674,141.01974079861904,470.1036877355676,6.997250514486185,1.712913333802739,3.342360143914298,0.4487411561106206,0.0573111694039385,0.0142890632058939,0.0120968995650009,2.5234646714068254,ERA5-Land ARCO 2001-2025; interpolacion bilineal en centro de segmento
68,69,65.352191,66.364155,1.011963,1.011963,solo_puntos_confianza_alta,2414.548828125,2432.06201171875,2450.2099609375,35.6611328125,2415.181396484375,2450.2099609375,35.028564453125,3.4557061175773547,3.472114708669419,7.246907552083333,35,250.0,4.386611461639404,5.04965877532959,67.95654296875,839,839,50.0,1,1,1,1,37391.0,29.506116343054597,-29.063182443072,-68.7768803775923,8.13607286521028,147.27397796707913,143.36441983224833,463.2691156630327,6.912582144405572,1.7278749619728822,3.386204792828468,0.4542481662584778,0.0576463165299012,0.0143206476888719,0.0121614222370066,2.534173202458487,ERA5-Land ARCO 2001-2025; interpolacion bilineal en centro de segmento
69,70,66.364155,67.37612,1.00164,1.00164,solo_puntos_confianza_alta,2449.27685546875,2469.65625,2487.251708984375,37.974853515625,2450.2099609375,2485.686767578125,35.476806640625,3.534487836703642,4.129355074179292,10.614420572916666,35,250.0,10.82044792175293,29.628406524658203,98.91943359375,838,838,50.0,1,1,1,1,36700.0,28.9608320127866,-29.05568952932367,-68.78197007301559,8.01818788259718,149.21012999165097,145.23149700331888,456.8391736831627,6.828955579054959,1.742990048464494,3.4312899214915604,0.4590327758095914,0.0579823094386191,0.0143593174690217,0.0122294884393156,2.545078372691248,ERA5-Land ARCO 2001-2025; interpolacion bilineal en centro de segmento
70,71,67.37612,68.364693,0.985531,0.985531,solo_puntos_confianza_alta,2485.159912109375,2503.0712890625,2520.4033203125,35.243408203125,2485.686767578125,2518.89990234375,33.213134765625,3.362741081325031,3.61380340046453,10.138346354166666,34,250.0,12.173364639282228,29.42184066772461,86.703369140625,819,819,50.0,1,1,3,1,34117.0,26.92252604305832,-29.046865605654236,-68.78063928647896,7.953160954005848,150.10273246874812,146.08342879154364,452.5034971858544,6.759824680808538,1.7557623880095092,3.4694973908268323,0.4610421858753459,0.0583516541080427,0.014464211257243,0.01233810148649,2.559523385882187,ERA5-Land ARCO 2001-2025; interpolacion bilineal en centro de segmento
71,72,68.364693,69.353266,0.973895,0.973895,solo_puntos_confianza_alta,2517.97900390625,2538.05859375,2562.774169921875,44.795166015625,2518.89990234375,2551.535400390625,32.635498046875,3.3442234785368403,5.453313191731771,17.775065104166668,34,250.0,14.82468032836914,28.57295227050781,96.3056640625,812,812,50.0,1,1,3,1,33151.0,26.16023275356644,-29.03857503772747,-68.7824985058161,7.869923933357064,151.39822547682297,147.33041854967706,447.0381727845591,6.681763784893536,1.770153212182447,3.512870219724917,0.464432965305313,0.0587023128166842,0.0145316388511236,0.0124235864108663,2.571915742737033,ERA5-Land ARCO 2001-2025; interpolacion bilineal en centro de segmento
72,73,69.353266,70.341839,0.986744,0.986744,solo_puntos_confianza_alta,2550.857177734375,2566.481201171875,2584.27294921875,33.415771484375,2551.535400390625,2584.27294921875,32.737548828125,3.3109143602739644,3.3806001273058297,6.362304687500001,34,250.0,8.793164253234863,21.91098022460937,52.30224609375,824,824,50.0,1,1,1,1,59596.0,47.02860339602261,-29.031159297612163,-68.77730212701958,7.829904865262722,151.75648523934476,147.65705717735378,445.2473187305416,6.64187207148576,1.7773509345361391,3.533367211565099,0.4642075559829098,0.0590197627683799,0.0146699041381314,0.012543614038822,2.586384813724961,ERA5-Land ARCO 2001-2025; interpolacion bilineal en centro de segmento
73,74,70.341839,71.330413,0.988077,0.988077,solo_puntos_confianza_alta,2581.98291015625,2602.669921875,2620.549072265625,38.566162109375,2584.27294921875,2619.252685546875,34.979736328125,3.5322475957577733,3.5333066998106064,6.924641927083333,35,250.0,4.806881427764893,6.364239692687988,57.60888671875,828,828,50.0,0,0,0,0,531.0,0.4190245721741057,-29.02238480677264,-68.77589803853273,7.7507579061368785,152.84885140778698,148.69781458080644,441.0011092263753,6.574530883691162,1.78957006474378,3.5692738883130173,0.4662259568021229,0.0593993003402681,0.0147847322563711,0.0126593943085221,2.60159747434378,ERA5-Land ARCO 2001-2025; interpolacion bilineal en centro de segmento
74,75,71.330413,72.318986,0.986715,0.986715,solo_puntos_confianza_alta,2618.09912109375,2632.9892578125,2647.29833984375,29.19921875,2619.252685546875,2646.24267578125,26.989990234375,2.729182815277975,2.757613238519903,5.20263671875,34,250.0,4.502229690551758,5.911793231964111,52.0595703125,826,826,50.0,1,0,1,0,3770.0,2.974995550087342,-29.013682358003425,-68.77400310351081,7.667769299298273,153.9745072068381,149.7678222630871,437.03016104444544,6.51042937687399,1.8010778684643216,3.6026641204629506,0.4680167518019751,0.0597817542376264,0.0149088505677335,0.0127808354496038,2.6173140294590125,ERA5-Land ARCO 2001-2025; interpolacion bilineal en centro de segmento
75,76,72.318986,73.307559,0.984033,0.984033,solo_puntos_confianza_alta,2645.20703125,2662.554443359375,2681.496337890625,36.289306640625,2646.24267578125,2680.923095703125,34.680419921875,3.5163311779476305,4.173424386207468,9.5654296875,34,250.0,4.665285110473633,7.802373886108398,51.955078125,830,830,50.0,0,0,0,0,936.0,0.7386195848492711,-29.00481555779097,-68.77427108037855,7.578657142216788,155.2847877188493,151.02255361000732,431.978772992161,6.435065830031179,1.8148024972571024,3.643365061453105,0.4708602915796041,0.0601648971052323,0.0150061455412298,0.0128874450277188,2.631890554754252,ERA5-Land ARCO 2001-2025; interpolacion bilineal en centro de segmento
76,77,73.307559,74.296132,0.98719,0.98719,solo_puntos_confianza_alta,2679.65966796875,2696.448974609375,2714.326171875,34.66650390625,2680.923095703125,2714.27880859375,33.355712890625,3.3711904248626983,3.4058388897926384,6.974283854166667,34,250.0,4.706899166107178,8.69087028503418,55.239013671875,827,827,50.0,0,0,0,0,184.0,0.1451987218079763,-28.99595389107961,-68.77379940777885,7.520104497374987,156.6447843473582,152.34156421389852,426.1541890373863,6.347880746083331,1.8353729200874207,3.697262058237631,0.4728316698552088,0.0606634420943522,0.0151777938065173,0.0130386582566954,2.652860587438285,ERA5-Land ARCO 2001-2025; interpolacion bilineal en centro de segmento
77,78,74.296132,75.284705,0.988509,0.988509,solo_puntos_confianza_alta,2712.765625,2729.13134765625,2745.148193359375,32.382568359375,2714.27880859375,2744.67041015625,30.3916015625,3.0675048730297507,3.16638060290404,6.034342447916666,35,250.0,4.28687858581543,6.548549652099609,52.58203125,826,826,50.0,0,0,0,0,192.0,0.151511709712671,-28.987037753897937,-68.77329746969707,7.498624578344488,158.09511107093516,153.77102255961535,418.96539601266267,6.241902641322443,1.8650640973997907,3.7699659439308175,0.4741707279294234,0.0612924342049433,0.0154245098596377,0.0132344289602437,2.6806835123501336,ERA5-Land ARCO 2001-2025; interpolacion bilineal en centro de segmento
78,79,75.284705,76.273278,0.984813,0.984813,solo_puntos_confianza_alta,2743.83349609375,2758.8408203125,2774.10498046875,30.271484375,2744.67041015625,2772.3349609375,27.66455078125,2.8029191575733274,2.92843254519522,7.46337890625,34,250.0,4.750677108764648,7.730190277099609,64.989501953125,825,825,50.0,0,0,0,0,325.0,0.2564651336282191,-28.978241197170902,-68.77458611498203,7.480602859543293,159.57688010830535,155.23610134970127,411.0505833990704,6.128414532566563,1.896484500574819,3.8493562262113943,0.4762414172694277,0.0619312732001274,0.0156489666652543,0.0134189552940202,2.7076841893796435,ERA5-Land ARCO 2001-2025; interpolacion bilineal en centro de segmento
79,80,76.273278,77.261851,0.98591,0.98591,solo_puntos_confianza_alta,2772.3349609375,2790.416015625,2803.60546875,31.2705078125,2772.3349609375,2803.60546875,31.2705078125,3.1646328863173125,4.25047709705644,23.57503255208333,34,250.0,7.500931262969971,11.95192527770996,62.423095703125,822,822,50.0,0,0,0,0,1225.0,0.9666762729063644,-28.969785275039406,-68.775880260543,7.463110223714052,161.01930182865254,156.66074276546038,403.4220513658751,6.01884752638164,1.926977845554942,3.92689138697016,0.4782194118177994,0.0625676662629824,0.0158710449122888,0.0136025466359666,2.7344418448660632,ERA5-Land ARCO 2001-2025; interpolacion bilineal en centro de segmento
80,81,77.261851,78.28032,1.017327,1.017327,solo_puntos_confianza_alta,2802.367919921875,2819.4912109375,2837.919921875,35.552001953125,2803.60546875,2835.614013671875,32.008544921875,3.139237695823712,3.138398917072905,8.017578125,35,250.0,7.22484827041626,14.698163032531738,77.439697265625,842,842,50.0,0,0,0,0,1225.0,0.9666762729063644,-28.960818682451453,-68.77531410118021,7.441350699333743,162.47909934635072,158.09907930079962,396.2218542711257,5.912541072495928,1.9568048102573488,3.9999228794575177,0.4795336960579667,0.0632035697051934,0.0161210739286073,0.0138009088891071,2.7625872925268684,ERA5-Land ARCO 2001-2025; interpolacion bilineal en centro de segmento
81,82,78.28032,79.298788,1.015008,1.015008,solo_puntos_confianza_alta,2835.614013671875,2851.913330078125,2868.401611328125,32.78759765625,2835.614013671875,2867.592529296875,31.978515625,3.14351693549164,3.264276855101623,9.166666666666666,35,250.0,12.690183639526367,25.375274658203125,94.023193359375,847,847,50.0,1,1,1,1,169490.0,133.74853999583652,-28.951829797649424,-68.77742539082395,7.423406618520595,164.07381232647018,159.6719384164242,387.7864686972176,5.791903697385014,1.9906462896909385,4.087913254025162,0.4818575839652544,0.0639409500994308,0.0163662803143103,0.0140084229635281,2.7928508919688046,ERA5-Land ARCO 2001-2025; interpolacion bilineal en centro de segmento
82,83,79.298788,80.317256,1.011919,1.011919,solo_puntos_confianza_alta,2866.99755859375,2884.40673828125,2902.6318359375,35.63427734375,2867.592529296875,2901.127685546875,33.53515625,3.306628279829508,3.2877604166666665,7.064615885416667,35,250.0,13.166485786437988,26.726043701171875,90.2197265625,843,843,50.0,1,1,1,1,167014.0,131.79467023933353,-28.94316604137697,-68.78038534637855,7.406874242813709,165.69148520622392,161.26444442188537,379.2472965293885,5.670351425123881,2.0251041873807347,4.179929519366933,0.484368103591992,0.0647327769568089,0.0166155494660027,0.0142253239952877,2.824479372357569,ERA5-Land ARCO 2001-2025; interpolacion bilineal en centro de segmento
83,84,80.317256,81.335725,1.013027,1.013027,solo_puntos_confianza_alta,2901.127685546875,2916.364013671875,2932.071044921875,30.943359375,2901.127685546875,2931.587646484375,30.4599609375,3.0000824265218253,3.009941302671097,6.151529947916667,35,250.0,17.128847122192383,33.45625305175781,84.0029296875,838,838,50.0,1,1,3,3,164589.0,129.88104578072296,-28.93430815314053,-68.78280201186881,7.388607126446676,167.34530817669378,162.8892517718651,370.8034491248956,5.548921451182757,2.059842205609075,4.272420891959116,0.4866410870916201,0.0655589364765741,0.0168841357005346,0.0144568408264403,2.857828375738408,ERA5-Land ARCO 2001-2025; interpolacion bilineal en centro de segmento
84,85,81.335725,82.354193,1.015232,1.015232,solo_puntos_confianza_alta,2931.587646484375,2948.42578125,2963.193115234375,31.60546875,2931.587646484375,2962.095947265625,30.50830078125,2.9982830386637525,4.173024466711182,14.447428385416666,35,250.0,14.162186622619627,29.17588233947754,87.40234375,845,845,50.0,1,1,1,1,114802.0,90.59295467934405,-28.92558001538597,-68.78391305961642,7.368728049620245,168.91540887597603,164.43061190619153,363.0613746081549,5.4359072355249,2.0922404324730497,4.356714840297779,0.4883976153730686,0.0663292642091405,0.0171525245854859,0.0146819452983018,2.889854399871996,ERA5-Land ARCO 2001-2025; interpolacion bilineal en centro de segmento
85,86,82.354193,83.325708,0.966644,0.966644,solo_puntos_confianza_alta,2962.095947265625,2979.02685546875,2992.43408203125,30.338134765625,2962.095947265625,2992.243896484375,30.14794921875,3.111787395543642,3.537139892578125,10.489095052083334,34,250.0,8.841771125793457,16.735153198242188,65.12841796875,812,812,50.0,1,1,2,1,104049.0,82.10750981194639,-28.916730164431588,-68.78474565326718,7.348046045748683,170.49922341589323,165.9846195544722,355.34692667615985,5.322786327663532,2.1247426759994528,4.44093402754824,0.4900546723045283,0.0671075925177303,0.0174278649466716,0.0149116898936377,2.922411216165922,ERA5-Land ARCO 2001-2025; interpolacion bilineal en centro de segmento
86,87,83.325708,84.297223,0.966215,0.966215,solo_puntos_confianza_alta,2991.652099609375,3009.8779296875,3030.0576171875,38.405517578125,2992.243896484375,3025.92138671875,33.677490234375,3.477642248644636,4.531428019205729,14.299316406250002,34,250.0,14.687995910644531,31.67515754699707,106.620849609375,811,811,50.0,1,1,1,1,103441.0,81.62772273118959,-28.90861684598169,-68.78814286132416,7.331236785560612,172.18207706764002,167.62832308004388,347.1106426012843,5.204035740005751,2.159797230454864,4.538743204938578,0.4923418714434067,0.0680537514314473,0.0177176314995687,0.0151709015510744,2.959323105400337,ERA5-Land ARCO 2001-2025; interpolacion bilineal en centro de segmento
87,88,84.297223,85.268738,0.948283,0.948283,solo_puntos_confianza_alta,3022.49267578125,3036.990234375,3052.213623046875,29.720947265625,3025.92138671875,3052.009521484375,26.088134765625,2.7448603294090206,2.855573089859033,6.283365885416667,33,250.0,11.959512710571287,22.55523681640625,76.574951171875,796,796,50.0,1,1,3,1,98404.0,77.65290772169624,-28.900262154695834,-68.79010226064138,7.312038147865409,173.81904324520144,169.22748791673445,339.321945299672,5.090077793686556,2.193352036881299,4.629748593500653,0.4941636965278168,0.0689435565777817,0.0180105312633473,0.0154247646421322,2.995137397424534,ERA5-Land ARCO 2001-2025; interpolacion bilineal en centro de segmento
88,89,85.268738,86.240253,0.963868,0.963868,solo_puntos_confianza_alta,3051.072265625,3065.779296875,3081.636474609375,30.564208984375,3052.009521484375,3080.202392578125,28.19287109375,2.9183270975014266,3.051808675130208,5.90576171875,34,250.0,11.4479398727417,23.72465133666992,90.548583984375,813,813,50.0,1,1,3,1,88840.0,70.10573068163382,-28.89201906304197,-68.78923986933123,7.275110444015556,174.58751725576903,169.9757698653146,334.1412216546799,5.015923273982351,2.2180515595741586,4.688045394598753,0.4974657665324578,0.0701190616450747,0.018391433668016,0.0158933224941026,3.0544307316898256,ERA5-Land ARCO 2001-2025; interpolacion bilineal en centro de segmento
89,90,86.240253,87.211768,0.969913,0.969913,solo_puntos_confianza_alta,3079.577392578125,3098.26708984375,3114.06201171875,34.484619140625,3080.202392578125,3113.1572265625,32.954833984375,3.390021506850734,3.5039011637369795,6.36474609375,34,250.0,6.86615800857544,13.51763153076172,57.65185546875,809,809,50.0,1,1,1,1,81419.0,64.24964527654147,-28.883549565616377,-68.78812124239143,7.240309962215261,175.25398263507347,170.62734009827298,328.97071190569403,4.941749734712498,2.2428884776226248,4.7455399481371945,0.5007824790268649,0.071286093548582,0.0187698007730095,0.016364869801255,3.1139147372894462,ERA5-Land ARCO 2001-2025; interpolacion bilineal en centro de segmento
90,91,87.211768,88.274964,1.053095,1.053095,solo_puntos_confianza_alta,3113.1572265625,3129.07861328125,3151.6796875,38.5224609375,3113.1572265625,3151.417724609375,38.260498046875,3.624640159766893,3.648879278273809,8.189290364583334,37,250.0,4.410808563232422,6.708874702453613,56.167724609375,868,868,50.0,1,1,1,1,77905.0,61.47666533940435,-28.874698622261477,-68.78886616660523,7.1995271635264615,176.24847829085024,171.59009490428758,322.71229849780354,4.853352852574127,2.272690783724173,4.821231414590323,0.5049303713094014,0.0727391570413886,0.0192156921973044,0.0169170495255351,3.1842843507134826,ERA5-Land ARCO 2001-2025; interpolacion bilineal en centro de segmento
91,92,88.274964,89.338159,1.061484,1.061484,solo_puntos_confianza_alta,3150.315673828125,3171.905029296875,3192.696533203125,42.380859375,3151.417724609375,3191.830078125,40.412353515625,3.797996744771728,3.799525669642858,6.739908854166667,37,250.0,5.49005937576294,9.132658004760742,64.44921875,870,870,50.0,0,0,0,0,71.0,0.0560277676541648,-28.867638096870355,-68.79589070554502,7.126462263633121,178.58816180665906,173.8196399406421,314.799143312497,4.746762667871716,2.3091921710479357,4.935464987056685,0.5111193351801826,0.0749333965053926,0.0198331837825375,0.0176530856040601,3.2802524038856244,ERA5-Land ARCO 2001-2025; interpolacion bilineal en centro de segmento
92,93,89.338159,90.401355,1.061262,1.061262,solo_puntos_confianza_alta,3190.890380859375,3210.427734375,3230.3369140625,39.446533203125,3191.830078125,3229.45556640625,37.62548828125,3.536856364839004,3.707356770833333,8.924967447916666,37,250.0,5.369746685028076,9.202798843383787,60.93310546875,873,873,50.0,0,0,0,0,34.0,0.0268301985949521,-28.86042204274856,-68.8029077538217,6.978329706857927,182.2118413988607,177.05588752979125,306.73965868759217,4.633965572447855,2.341911228543789,5.0354833142797695,0.517535922570089,0.0783151272094439,0.0211902456758047,0.0192586785449184,3.450328038156371,ERA5-Land ARCO 2001-2025; interpolacion bilineal en centro de segmento
93,94,90.401355,91.464551,1.059368,1.059368,solo_puntos_confianza_alta,3228.6494140625,3248.60595703125,3266.792236328125,38.142822265625,3229.45556640625,3266.468017578125,37.012451171875,3.48512041744747,3.421758742559524,7.566731770833333,37,250.0,4.465673923492432,6.031563758850098,55.460205078125,867,867,50.0,0,0,0,0,1354.0,1.0684732028695654,-28.852112020670525,-68.80827222574794,6.775297582600004,186.6739497273667,180.84021288018857,298.80490656883825,4.518838649204668,2.371447187354102,5.117111889390415,0.5236893697744328,0.0826512861437962,0.0232801162729329,0.0217203385653691,3.6887228883570176,ERA5-Land ARCO 2001-2025; interpolacion bilineal en centro de segmento
94,95,91.464551,92.527747,1.062671,1.062671,solo_puntos_confianza_alta,3264.923583984375,3285.27099609375,3304.054443359375,39.130859375,3266.468017578125,3304.054443359375,37.58642578125,3.5283295942525696,3.640973772321429,8.326009114583334,37,250.0,6.3361663818359375,13.356561660766602,64.697265625,871,871,50.0,0,0,0,0,1267.0,0.9998194594060114,-28.845371977656605,-68.8157144363647,6.516524973230805,192.46195906708536,185.62178657167067,291.15413897605447,4.407650875054854,2.397306282050513,5.1925619857438186,0.5299952569617539,0.0880089522426738,0.0260870035522336,0.0249989733707355,3.9925268954470488,ERA5-Land ARCO 2001-2025; interpolacion bilineal en centro de segmento
95,96,92.527747,93.538013,1.010164,1.010164,solo_puntos_confianza_alta,3303.374267578125,3322.9580078125,3340.506591796875,37.13232421875,3304.054443359375,3339.054443359375,35.0,3.4560859466751435,3.679744234540881,8.219401041666668,35,250.0,6.6284499168396,14.78765869140625,60.176025390625,837,837,50.0,0,0,0,0,44.0,0.0347214334758204,-28.83781922813356,-68.82201572368295,6.269832545444955,198.13975806877377,190.28421544874615,283.6475379284368,4.30130853717422,2.425257887316122,5.2719822314046745,0.536442246259457,0.0931773105500806,0.0288599115626127,0.0282151278396416,4.289918291783545,ERA5-Land ARCO 2001-2025; interpolacion bilineal en centro de segmento
96,97,93.538013,94.548278,1.01012,1.01012,solo_puntos_confianza_alta,3339.054443359375,3357.844970703125,3375.026123046875,35.9716796875,3339.054443359375,3373.927734375,34.873291015625,3.443498123024224,3.714623878936052,7.792154947916667,35,250.0,7.493740081787109,14.47976303100586,71.21337890625,841,841,50.0,0,0,0,0,51.0,0.0402452978924282,-28.830850526214263,-68.82873378825195,6.004687266996363,204.34462094517312,195.31798754708177,276.50766918957106,4.201452112880916,2.4517270166462337,5.348480243428614,0.5429074715738116,0.0986861945197094,0.0319359741680839,0.0317642555572541,4.61250126856215,ERA5-Land ARCO 2001-2025; interpolacion bilineal en centro de segmento
97,98,94.548278,95.558544,0.935992,0.935992,solo_puntos_confianza_alta,3372.691650390625,3390.902587890625,3408.253662109375,35.56201171875,3373.927734375,3404.79833984375,30.87060546875,3.2888329863658514,5.064237861223118,18.33333333333333,33,250.0,11.390681266784668,20.027515411376957,89.9140625,795,795,50.0,1,1,1,1,31421.0,24.79504911917623,-28.82507387228875,-68.83619351782203,5.718491273981317,211.10806595285877,200.7423236017885,269.9710555352481,4.110850648922918,2.4749407557777645,5.418002733330358,0.5491879753041666,0.1045571001898255,0.0353360252528223,0.0356732140956144,4.961505910840538,ERA5-Land ARCO 2001-2025; interpolacion bilineal en centro de segmento
98,99,95.558544,96.56881,0.919909,0.919909,solo_puntos_confianza_alta,3404.03125,3423.57177734375,3442.14111328125,38.10986328125,3404.79833984375,3436.31884765625,31.5205078125,3.4167363949372884,4.918934811827957,12.55859375,32,250.0,18.650529861450195,33.62017822265625,103.3583984375,773,773,50.0,1,1,1,1,31254.0,24.66326549666573,-28.821479168964498,-68.84435413447392,5.426519097040458,218.01002324577195,206.22304124248024,264.61616251464727,4.036545743452885,2.491635367804376,5.47213541308289,0.5546824121465039,0.1104421849784279,0.0388475202868932,0.039704805861577,5.315148400364503,ERA5-Land ARCO 2001-2025; interpolacion bilineal en centro de segmento
99,100,96.56881,97.579075,0.997814,0.997814,solo_puntos_confianza_alta,3436.31884765625,3458.549560546875,3487.53369140625,51.21484375,3436.31884765625,3483.740478515625,47.421630859375,4.738511824466116,4.886782867739899,22.14192708333333,35,250.0,20.024078369140625,35.153717041015625,131.571533203125,825,825,50.0,1,1,1,1,28090.0,22.166478780359004,-28.82114592625152,-68.85337415295567,5.1443177658831925,224.5667924313813,211.3910924086617,260.92231733471834,3.983288859133596,2.498314681263195,5.502047977103564,0.5587544056238898,0.1159807697145856,0.0422142474859764,0.0435798595446817,5.648880381211107,ERA5-Land ARCO 2001-2025; interpolacion bilineal en centro de segmento
100,101,97.579075,98.589341,1.001288,1.001288,solo_puntos_confianza_alta,3483.357666015625,3505.35498046875,3520.325439453125,36.9677734375,3483.740478515625,3518.89794921875,35.157470703125,3.500776688124954,6.097523082386363,15.839843749999998,35,250.0,18.474346160888672,32.07052993774414,112.3759765625,831,831,50.0,0,0,0,0,615.0,0.4853109451733993,-28.822577333435746,-68.86289530017056,4.87189128560913,230.77690143882705,216.28094531789887,258.03393085679886,3.939273828457551,2.499529031278289,5.518675954880324,0.5619983370949994,0.1212406992499537,0.0454082210001442,0.0472697868168866,5.964260982626242,ERA5-Land ARCO 2001-2025; interpolacion bilineal en centro de segmento
101,102,98.589341,99.599607,0.977586,0.977586,solo_puntos_confianza_alta,3517.06982421875,3532.287109375,3552.2666015625,35.19677734375,3518.89794921875,3544.886474609375,25.988525390625,2.650870052451002,4.721827511238796,15.023600260416666,34,250.0,21.80992889404297,39.93699645996094,164.991943359375,808,808,50.0,1,1,1,1,13702.0,10.81257003376572,-28.81989792873137,-68.87183978794073,4.555219518558564,238.32480871656657,222.22671350107,253.0864011746563,3.871536975566319,2.513880607224848,5.568197250371083,0.5674686835989894,0.1275719529333476,0.0492842338203687,0.0517080967101233,6.349041192091104,ERA5-Land ARCO 2001-2025; interpolacion bilineal en centro de segmento
102,103,99.599607,100.609872,0.999154,0.999154,solo_puntos_confianza_alta,3544.0810546875,3564.650146484375,3597.0615234375,52.98046875,3544.886474609375,3579.588623046875,34.7021484375,3.463593602753042,7.221876972853536,19.46533203125,35,250.0,39.91646957397461,64.131103515625,162.8076171875,831,831,50.0,0,0,0,0,1053.0,0.83094703295543,-28.81454526808111,-68.8794332725074,4.229705023212528,246.3820906927604,228.54438073437836,247.3218283539877,3.797389459557168,2.5362939617513414,5.636694794794588,0.5741008487168661,0.1342159417341527,0.0534407306677707,0.0564302866260996,6.759602747547059,ERA5-Land ARCO 2001-2025; interpolacion bilineal en centro de segmento
103,104,100.609872,101.620138,1.005321,1.005321,solo_puntos_confianza_alta,3578.449951171875,3595.98974609375,3619.116455078125,40.66650390625,3579.588623046875,3619.116455078125,39.52783203125,3.920664162373116,4.666217842487374,13.538411458333332,35,250.0,29.1415958404541,52.68967819213867,165.331298828125,837,837,50.0,1,1,1,1,15603.0,12.31269378461878,-28.81040848542496,-68.88791655808002,3.88683039749272,254.83184585227065,235.1456132123969,242.0045876206794,3.729080435786913,2.555369044272515,5.698054846826896,0.5804934128368765,0.1411438217631336,0.0578186014001541,0.0614060627949575,7.188910718507656,ERA5-Land ARCO 2001-2025; interpolacion bilineal en centro de segmento
104,105,101.620138,102.630404,0.976455,0.976455,solo_puntos_confianza_alta,3610.851806640625,3629.827880859375,3651.236572265625,40.384765625,3619.116455078125,3641.5380859375,22.421630859375,2.290665494008862,5.287195841471354,18.25927734375,34,250.0,25.97368049621582,45.47641372680664,133.718505859375,812,812,50.0,1,1,1,1,13202.0,10.418008289722303,-28.803341929285907,-68.89294042740615,3.5937887470853007,262.4750374752586,241.07481469120245,236.5797725544917,3.665393577940822,2.5820698610981605,5.774331823835777,0.5873269096746908,0.147250485291145,0.0618058096122949,0.0658869662792416,7.576901222706343,ERA5-Land ARCO 2001-2025; interpolacion bilineal en centro de segmento
105,106,102.630404,103.640669,1.002608,1.002608,solo_puntos_confianza_alta,3641.5380859375,3664.9140625,3684.90673828125,43.36865234375,3641.5380859375,3680.984130859375,39.446044921875,3.924375032810216,5.286729600694444,12.34619140625,35,250.0,29.845388412475582,49.91170501708984,162.22314453125,836,836,50.0,1,0,1,0,4109.0,3.242508412548777,-28.79520682345104,-68.8946810804531,3.416939129532631,266.9646533569489,244.2426264422637,234.57637548409755,3.6465681434961192,2.596658642670325,5.812792785825511,0.5910885100176458,0.1512189942873456,0.0648623390745584,0.0696267040591879,7.859479588708167,ERA5-Land ARCO 2001-2025; interpolacion bilineal en centro de segmento
106,107,103.640669,104.650935,1.002738,1.002738,solo_puntos_confianza_alta,3680.457275390625,3704.375,3727.670654296875,47.21337890625,3680.984130859375,3723.1494140625,42.165283203125,4.194293797989293,6.435670178345959,18.983561197916668,35,250.0,28.003944396972656,58.56859588623047,168.521728515625,831,831,50.0,1,0,1,0,2581.0,2.0367277227521035,-28.788417427903426,-68.90021810287551,3.153574638926912,273.1779823632151,248.5606557330991,233.0467392477129,3.629937614551895,2.6043627098010007,5.837433608575052,0.5945546107272491,0.1568509661618801,0.0692460437955719,0.0752176160070696,8.262495338248002,ERA5-Land ARCO 2001-2025; interpolacion bilineal en centro de segmento
107,108,104.650935,105.661201,1.00026,1.00026,solo_puntos_confianza_alta,3721.975830078125,3746.252685546875,3770.971435546875,48.99560546875,3723.1494140625,3765.29443359375,42.14501953125,4.200557565370191,5.470525568181818,20.228678385416668,35,250.0,28.211780548095703,47.127418518066406,144.188232421875,830,830,50.0,0,0,0,0,1195.0,0.9430025682637596,-28.782461037253643,-68.90732304486059,3.0203862205175023,275.92967949674363,249.35997696954388,230.9732205314585,3.5921887575843323,2.622889256829194,5.87998079834114,0.595713492628619,0.1618012716388886,0.0748736637664056,0.0863782855520745,8.75760879108786,ERA5-Land ARCO 2001-2025; interpolacion bilineal en centro de segmento
108,109,105.661201,106.671466,0.980453,0.980453,solo_puntos_confianza_alta,3765.29443359375,3786.123779296875,3805.17236328125,39.8779296875,3765.29443359375,3800.961669921875,35.667236328125,3.6263270021563336,5.406114048154464,14.430338541666668,34,250.0,27.4903507232666,44.47355270385742,124.328369140625,819,819,50.0,0,0,0,0,1937.0,1.5285321964241865,-28.77723838014665,-68.91488541853734,2.8938917610473225,278.50204469455696,249.9984487549341,228.67799323851037,3.550482699123896,2.642550786428108,5.925221701836529,0.5967216478494474,0.166669324623351,0.0804968182853023,0.097914576031524,9.25558537501204,ERA5-Land ARCO 2001-2025; interpolacion bilineal en centro de segmento
109,110,106.671466,107.681732,0.983565,0.983565,solo_puntos_confianza_alta,3800.961669921875,3832.97509765625,3861.087158203125,60.12548828125,3800.961669921875,3858.039794921875,57.078125,5.784712349766626,8.237157736676249,16.712239583333332,34,250.0,29.937156677246094,44.991024017333984,149.941162109375,832,832,50.0,0,0,0,0,1363.0,1.0755753142623468,-28.775611259897516,-68.92448231566176,2.79339394988144,280.3979315807805,250.0883097214501,225.46605893716625,3.490218567404947,2.664806432690126,5.977768746430482,0.5972465589423586,0.1713565384342205,0.0861641258884903,0.1105404148697687,9.75967664889732,ERA5-Land ARCO 2001-2025; interpolacion bilineal en centro de segmento
110,111,107.681732,108.652083,0.942458,0.942458,solo_puntos_confianza_alta,3858.039794921875,3889.077880859375,3915.505859375,57.466064453125,3858.039794921875,3912.51123046875,54.471435546875,5.763227310445823,6.194083921370967,16.786295572916668,33,250.0,31.00425910949707,44.63465118408203,145.64892578125,795,795,50.0,0,0,0,0,2126.0,1.677676535672597,-28.781224103177305,-68.9314719096188,2.7974735185859183,280.03657418972034,249.29415365862957,222.7697641504684,3.4360897434742084,2.676082744828205,6.006999325305434,0.5967355220005881,0.172902466966397,0.0883852978272151,0.1167485979300006,9.954047920372696,ERA5-Land ARCO 2001-2025; interpolacion bilineal en centro de segmento
111,112,108.652083,109.622435,0.95797,0.95797,solo_puntos_confianza_alta,3912.51123046875,3937.65625,3959.341064453125,46.829833984375,3912.51123046875,3957.98193359375,45.470703125,4.734602917252535,6.717020670572916,13.908691406250002,34,250.0,20.370790481567383,35.107906341552734,93.033203125,802,802,50.0,0,0,0,0,1125.0,0.8877639240976817,-28.787249140865363,-68.93777174172504,2.810326689807591,279.5126062377626,248.5061327907675,220.30958029672632,3.385738289006337,2.6850160464072186,6.031048294801203,0.5962031452483547,0.1740964421409257,0.0901539191121378,0.1218155107443631,10.10512012126308,ERA5-Land ARCO 2001-2025; interpolacion bilineal en centro de segmento
112,113,109.622435,110.592786,0.952771,0.952771,solo_puntos_confianza_alta,3956.44873046875,3983.104248046875,4008.548095703125,52.099365234375,3957.98193359375,4006.92529296875,48.943359375,5.123713339248769,5.338533912414601,14.5361328125,33,250.0,10.082582473754885,19.38455390930176,84.461669921875,795,795,50.0,0,0,0,0,1019.0,0.804116834360478,-28.789751632119053,-68.94211350390088,2.799911525869,279.5884921969318,248.1860093150437,218.7066590823932,3.353489965822348,2.6922180096408237,6.049525952457455,0.5960689065944378,0.1753916247166548,0.091846323446815,0.1260027424004655,10.251293719296152,ERA5-Land ARCO 2001-2025; interpolacion bilineal en centro de segmento
113,114,110.592786,111.563137,0.959286,0.959286,solo_puntos_confianza_alta,3996.66259765625,4013.34912109375,4026.213623046875,29.551025390625,4006.92529296875,3996.66259765625,-10.2626953125,-1.0672161142612926,5.137736002604167,15.115559895833334,34,250.0,9.596961975097656,15.559535026550291,59.0322265625,812,812,50.0,0,0,0,0,175.0,0.1380966104151949,-28.781656643840886,-68.944765476289,2.6875979049372387,282.0071558783287,249.1122186640064,218.19338097723315,3.348493641023604,2.704608904685994,6.07553964783215,0.5971463905454204,0.1787010695806962,0.0955072866324211,0.1329878665289301,10.584327699899168,ERA5-Land ARCO 2001-2025; interpolacion bilineal en centro de segmento
114,115,111.563137,112.533489,0.957775,0.957775,solo_puntos_confianza_alta,3943.095947265625,3970.54052734375,3998.507080078125,55.4111328125,3996.66259765625,3943.095947265625,-53.566650390625,-5.578731808404469,5.5798594156901045,19.037272135416668,34,250.0,13.129830360412598,22.673019409179688,85.97216796875,805,805,50.0,0,0,0,0,775.0,0.6115707032672919,-28.7738914310583,-68.94154532202208,2.629516199472957,283.42798856324043,250.0591170619726,219.67683505408783,3.3813929616273977,2.70395553359578,6.070459201377385,0.5979807728628511,0.1793141867988537,0.0958808635987014,0.1325578877305647,10.62576697717222,ERA5-Land ARCO 2001-2025; interpolacion bilineal en centro de segmento
115,116,112.533489,113.543638,0.996471,0.996471,solo_puntos_confianza_alta,3886.75341796875,3922.2998046875,3944.876953125,58.12353515625,3943.095947265625,3886.75341796875,-56.342529296875,-5.639504101716534,5.449637981376262,12.530110677083334,35,250.0,20.58414459228516,35.51643753051758,115.650146484375,830,830,50.0,0,0,0,0,1892.0,1.4930216394602789,-28.76671003377172,-68.93693691335007,2.5882419111359574,284.5314595956636,250.99571532805888,221.6260637449166,3.422382699752283,2.699334297429468,6.056366100731662,0.5987451180066136,0.179215392207455,0.0953721025802577,0.1300509167398217,10.585838277309133,ERA5-Land ARCO 2001-2025; interpolacion bilineal en centro de segmento
116,117,113.543638,114.553788,1.006533,1.006533,solo_puntos_confianza_alta,3829.187744140625,3861.242919921875,3890.5576171875,61.369873046875,3886.75341796875,3833.012939453125,-53.740478515625,-5.326672887606288,5.78857421875,11.194661458333334,35,250.0,23.81584358215332,38.00405883789063,150.90576171875,830,830,50.0,0,0,0,0,2399.0,1.8931072479203008,-28.758436582165704,-68.93756158565793,2.490786566825069,286.6953484994241,251.9810168263246,221.82372239929032,3.43087689552154,2.707275061895303,6.0717297437462445,0.5997936517558765,0.1816940999028121,0.0979913817376663,0.1345732720268305,10.825761568253045,ERA5-Land ARCO 2001-2025; interpolacion bilineal en centro de segmento
117,118,114.553788,115.563938,0.998303,0.998303,solo_puntos_confianza_alta,3796.521728515625,3813.54541015625,3835.231689453125,38.7099609375,3833.012939453125,3799.27392578125,-33.739013671875,-3.367372484791456,3.912365845959597,14.029947916666666,35,250.0,14.268817901611328,26.89244842529297,110.98291015625,836,836,50.0,0,0,0,0,875.0,0.6904830520759747,-28.752680498489894,-68.9432733196995,2.3811992083839737,288.9237346497506,252.51137480906547,220.11006206793357,3.4025014666867075,2.725357275684374,6.111976737414302,0.600593158082095,0.1856292156360211,0.1026102985520305,0.1444596218034977,11.24633612631775,ERA5-Land ARCO 2001-2025; interpolacion bilineal en centro de segmento
118,119,115.563938,116.574088,1.010094,1.010094,solo_puntos_confianza_alta,3754.638427734375,3777.164794921875,3799.598876953125,44.96044921875,3799.27392578125,3754.638427734375,-44.635498046875,-4.402924252632036,4.737382610804059,13.420410156250002,35,250.0,9.194636344909668,15.035972595214844,86.8994140625,842,842,50.0,0,0,0,0,1900.0,1.4993346273649737,-28.751590409283224,-68.9533500753225,2.2893835134844687,290.5735475712201,252.34289086877823,216.62826836826667,3.338697310396033,2.7502339721622087,6.170072200895076,0.6008589608874335,0.1901365914614053,0.1082485850328783,0.157829827173742,11.75830638885802,ERA5-Land ARCO 2001-2025; interpolacion bilineal en centro de segmento
119,120,116.574088,117.584237,1.010131,1.010131,solo_puntos_confianza_alta,3706.09765625,3730.479248046875,3757.64404296875,51.54638671875,3754.638427734375,3707.034423828125,-47.60400390625,-4.695086774780889,4.691653062585688,9.596354166666666,35,250.0,6.034303188323975,9.227269172668455,78.515869140625,839,839,50.0,0,0,0,0,247.0,0.1949135015574465,-28.75024381562858,-68.96357924524642,2.1941831233905518,292.28982186394245,252.18195797378797,213.09799415355383,3.27433391821586,2.775875738456931,6.229776132121288,0.6011379416361411,0.1947512988863444,0.1140242217294997,0.1715499459009803,12.2839437654395,ERA5-Land ARCO 2001-2025; interpolacion bilineal en centro de segmento
120,121,117.584237,118.594387,1.008095,1.008095,solo_puntos_confianza_alta,3670.923095703125,3687.307861328125,3707.034423828125,36.111328125,3707.034423828125,3670.923095703125,-36.111328125,-3.568805140703437,3.5633106122752305,7.163899739583333,35,250.0,3.7493860721588135,4.979181289672852,53.35498046875,839,839,50.0,0,0,0,0,4.0,0.0031564939523473,-28.74985119064373,-68.97393107442117,2.108490407712666,293.7883898720433,251.9068853831808,209.47879419330053,3.2077148594936853,2.8010101285865057,6.288693732787795,0.6013043453498771,0.1991686263059088,0.1196049262918005,0.1849864468888986,12.791320033668484,ERA5-Land ARCO 2001-2025; interpolacion bilineal en centro de segmento
121,122,118.594387,119.604537,1.005175,1.005175,solo_puntos_confianza_alta,3652.0966796875,3660.348388671875,3671.552734375,19.4560546875,3670.923095703125,3653.36669921875,-17.556396484375,-1.7412628791688307,2.029844341856061,5.227864583333333,35,250.0,4.458065986633301,9.750860214233398,35.679931640625,836,836,50.0,0,0,0,0,4.0,0.0031564939523473,-28.74737681498886,-68.98357283896325,2.0076301873502302,295.64469823160505,251.83645923500575,206.18495293865297,3.1490181748110277,2.826807717938939,6.348013754548084,0.6016470605211575,0.2037553645563753,0.1253333349912724,0.198596526092692,13.316780399002534,ERA5-Land ARCO 2001-2025; interpolacion bilineal en centro de segmento
122,123,119.604537,120.614686,1.009671,1.009671,solo_puntos_confianza_alta,3646.056884765625,3649.33984375,3653.865478515625,7.80859375,3653.36669921875,3651.47119140625,-1.8955078125,-0.1872717188016264,2.5190940146967016,12.296331916354529,35,250.0,6.256802558898926,11.29907512664795,42.039306640625,838,838,50.0,0,0,0,0,4.0,0.0031564939523473,-28.73904183860759,-68.98630999964297,1.902895896496518,297.83658501062405,252.486856962809,205.52811856495964,3.1444950838361967,2.8427938184359904,6.380979943887707,0.6024215757844771,0.2067646862820866,0.1288782012492006,0.2064287736015005,13.65736053907098,ERA5-Land ARCO 2001-2025; interpolacion bilineal en centro de segmento
123,124,120.614686,121.624836,1.008344,1.008344,solo_puntos_confianza_alta,3647.5654296875,3653.314697265625,3661.1171875,13.5517578125,3651.47119140625,3658.484619140625,7.013427734375,0.6932742650967411,4.403343160788971,9.119466145833334,35,250.0,8.619795799255371,13.687470436096191,57.288330078125,835,835,50.0,0,0,0,0,4.0,0.0031564939523473,-28.73177894359822,-68.9924470047847,1.784565306387948,300.1883945562332,252.8702881941611,203.6092683182073,3.116337867133037,2.866425613164499,6.432201006567949,0.6030655508904379,0.2108620325775751,0.1339004826659737,0.2181977385868106,14.13383810811352,ERA5-Land ARCO 2001-2025; interpolacion bilineal en centro de segmento
124,125,121.624836,122.634986,1.00919,1.00919,solo_puntos_confianza_alta,3655.9296875,3673.507080078125,3694.862548828125,38.932861328125,3658.484619140625,3693.549560546875,35.06494140625,3.4616816400101045,4.529924734848694,7.129720052083334,35,250.0,9.276262283325195,12.709172248840332,75.850830078125,841,841,50.0,0,0,0,0,4.0,0.0031564939523473,-28.727947093076708,-69.00182476695971,1.7143879413123493,301.2326727699592,252.2266338463317,200.9362184633273,3.074445829518428,2.8924141120576987,6.489269478962171,0.6044272888420221,0.2152083330373936,0.139405188627761,0.2323961389480446,14.654754571130606,ERA5-Land ARCO 2001-2025; interpolacion bilineal en centro de segmento
125,126,122.634986,123.645136,1.002012,1.002012,solo_puntos_confianza_alta,3691.96728515625,3719.225830078125,3741.103759765625,49.136474609375,3693.549560546875,3741.103759765625,47.55419921875,4.727112697036497,4.645058988320708,10.852864583333334,35,250.0,6.642884731292725,9.125144958496094,74.521728515625,833,833,50.0,0,0,0,0,11.0,0.0086803583689551,-28.726488268987246,-69.01176638764002,1.8266560568232493,297.73822047818027,248.926276638128,200.3854530557188,3.0810448778312054,2.9067678535523536,6.514735915484773,0.6103705055622399,0.2182420041886624,0.1432418504704389,0.2456688630325366,15.0345636592892,ERA5-Land ARCO 2001-2025; interpolacion bilineal en centro de segmento
126,127,123.645136,124.655285,1.007932,1.007932,solo_puntos_confianza_alta,3737.4501953125,3740.5537109375,3745.4326171875,7.982421875,3741.103759765625,3737.677734375,-3.426025390625,-0.3386556259549746,1.9790469898897052,5.71533203125,35,250.0,4.421799659729004,7.790529251098633,27.8349609375,840,840,50.0,0,0,0,0,11.0,0.0086803583689551,-28.728345259300287,-69.02167697454875,1.970031682286602,293.54832740427764,245.34964699623504,199.73434671324625,3.082573900246552,2.9168607138994678,6.532301081685277,0.6159635202972715,0.220514949363997,0.1462218025483607,0.2570839341038339,15.328834914254402,ERA5-Land ARCO 2001-2025; interpolacion bilineal en centro de segmento
127,128,124.655285,125.665435,1.009974,1.009974,solo_puntos_confianza_alta,3737.415771484375,3741.611328125,3744.180419921875,6.7646484375,3737.677734375,3740.881103515625,3.203369140625,0.3160406392755931,1.3281633102720645,4.303385416666667,35,250.0,3.465721607208252,5.454823970794678,19.529541015625,840,840,50.0,0,0,0,0,918.0,0.7244153620637083,-28.73194695628492,-69.03120758379939,2.1242579524059133,289.1143419531214,241.71661745913357,199.06379944658897,3.081713388250184,2.923987202199994,6.54447155066868,0.6210527085761534,0.222214937696182,0.148572257687321,0.2670056838215188,15.563113546299224,ERA5-Land ARCO 2001-2025; interpolacion bilineal en centro de segmento
128,129,125.665435,126.675585,1.007992,1.007992,solo_puntos_confianza_alta,3709.36328125,3725.88916015625,3741.1064453125,31.7431640625,3740.881103515625,3709.36328125,-31.517822265625,-3.117660706808032,3.2380863769506663,7.501627604166666,35,250.0,6.560457229614258,10.278236389160156,52.2216796875,841,841,50.0,1,0,1,0,2879.0,2.2718865222019784,-28.73762780313316,-69.03904729370808,2.275314906279646,284.8558662726142,238.42731342520145,198.4492974010202,3.077650851476039,2.925906363937269,6.547283356903312,0.6247728510259914,0.2228634945861212,0.1497185128440006,0.2735686772836697,15.682163320553556,ERA5-Land ARCO 2001-2025; interpolacion bilineal en centro de segmento
129,130,126.675585,127.685735,1.009963,1.009963,solo_puntos_confianza_alta,3670.162841796875,3689.69970703125,3709.4150390625,39.252197265625,3709.36328125,3670.162841796875,-39.200439453125,-3.8698562944929646,4.509247264601005,8.990071614583334,35,250.0,9.669522285461426,15.782320976257324,73.713623046875,844,844,50.0,1,0,1,0,2889.0,2.279777757082847,-28.74462129013403,-69.04570525657572,2.422329735668612,280.74054125910175,235.37055959105749,197.88459921584064,3.071803556374457,2.924219287621693,6.543650886147301,0.6274916369869655,0.2227688375100639,0.1500306531639226,0.2778288005607439,15.722922679595882,ERA5-Land ARCO 2001-2025; interpolacion bilineal en centro de segmento
