km_inicio,km_fin,pendiente_media_abs_pct_norm,pendiente_terreno_p90_pct_norm,n_drenajes_principales_50m_norm,area_aportante_max_50m_km2_norm,precipitacion_diaria_p95_mm_norm,viento_p95_ms_norm,fraccion_horas_nieve_ge50pct_norm,subindice_topografia,subindice_hidrologia,subindice_clima,indice_exposicion,ranking_exposicion,clase_exposicion
0,1,0.0,0.0,0.0,0.3646445113572697,0.8302299037897708,0.0,0.0,0.0,0.18232225567863486,0.2767433012632569,15.302185231396393,113,muy_baja
1,2,0.27599394402973526,0.0,0.0,0.03451291015965688,0.8332850919261755,0.0,0.0,0.13799697201486763,0.01725645507982844,0.2777616973087252,14.433837480114043,118,muy_baja
2,3,0.0,0.0006419486548060672,0.0,0.10522367366251106,0.8342462093929892,0.0,0.0,0.0003209743274030336,0.05261183683125553,0.2780820697976631,11.033829365210721,128,muy_baja
3,4,0.20747197523487157,0.04710032771421218,0.0,0.10996436543733,0.8355165433098001,0.0,0.0,0.12728615147454186,0.054982182718665,0.27850551443660004,15.359128287660232,111,muy_baja
4,5,0.19361674877069948,0.06509843886871892,0.0,0.11018770002895954,0.834546570846349,0.0,0.0,0.1293575938197092,0.05509385001447977,0.2781821902821163,15.421121137210179,110,muy_baja
5,6,0.007766006132728225,0.07422912649749314,0.0,0.056095186167836264,0.8328363259182601,0.0,0.0,0.04099756631511068,0.028047593083918132,0.27761210863942004,11.555242267948296,127,muy_baja
6,7,0.07555114849414807,0.11545176327856506,0.0,0.06952592130871893,0.8305905120381046,0.0,0.0,0.09550145588635656,0.034762960654359465,0.27686350401270154,13.570930685113918,121,muy_baja
7,8,0.47837671073853183,0.20054430768964498,0.0,0.13098563077955103,0.8299816060720894,0.0005021523521333085,0.0010204470277982462,0.33946050921408844,0.06549281538977551,0.277168068484007,22.737379769595698,85,baja
8,9,0.12449087125195396,0.2365066842766657,0.0,0.036057344340222085,0.8321673184241262,0.0012123853896290197,0.0026452702036855362,0.18049877776430984,0.018028672170111042,0.2786749913391469,15.906748042452259,109,muy_baja
9,10,0.07152894302217154,0.1152814140867573,0.0,0.08621466276093996,0.8240971947384271,0.0032084252856233683,0.00458462824739624,0.09340517855446442,0.04310733138046998,0.2772967494238156,13.793641978625,120,muy_baja
10,11,0.03749911985876114,0.068032630548515,0.0,0.4936774717902697,0.8158589305546302,0.00529390289495228,0.006526793020019293,0.05276587520363807,0.24683873589513486,0.27589320882320056,19.18326066406578,98,baja
11,12,0.09337656915264171,0.038648598549582476,0.0,0.04168347052475881,0.8100101301888704,0.008053907395725776,0.008494561552368086,0.0660125838511121,0.020841735262379407,0.27551953304565474,12.079128405304875,124,muy_baja
12,13,0.19492569925834707,0.05380517354158164,0.0,0.0006927233164682853,0.8166392186507879,0.013837383143573792,0.010383003679222125,0.12436543639996436,0.00034636165823414265,0.2802865351578612,13.499944440535325,122,muy_baja
13,14,0.0,0.011511623669143252,0.0,0.00618926638440406,0.824818826708959,0.020188910287874864,0.012112554691116077,0.005755811834571626,0.00309463319220203,0.2857067638959833,9.818573630758566,129,muy_baja
14,15,0.1941426405780987,0.02415326022737969,0.0,0.00618926638440406,0.8252128269645567,0.025607925423307223,0.013972399696276642,0.1091479504027392,0.00309463319220203,0.2882643840280468,13.3502322540996,123,muy_baja
15,16,0.2512539129585696,0.0527010165221757,0.0,0.03342561901552208,0.8323336732388409,0.027829838645958782,0.015855905229443676,0.15197746474037263,0.01671280950776104,0.29200647237141447,15.356558220651607,112,muy_baja
16,17,0.16425927204995155,0.2742622823353488,0.0,0.18193147856970324,0.8300780826084838,0.02598458672889207,0.01747690999504076,0.21926077719265016,0.09096573928485162,0.29117985977747224,20.04687920849913,92,baja
17,18,0.05799156325477922,0.0430234745777584,0.0,0.051678515542721966,0.817453017939713,0.020325313048645714,0.01826043694042171,0.05050751891626881,0.025839257771360983,0.2853462559762601,12.056434422129664,126,muy_baja
18,19,0.08419368913113201,0.16171207949703936,0.0,0.09376769856047656,0.8043125577184965,0.01435661307363434,0.01907977263660235,0.12295288431408569,0.04688384928023828,0.27924964780957773,14.969546046796722,114,muy_baja
19,20,0.0,0.0,0.0,0.03170659366144108,0.7917463388810434,0.008465882823271875,0.020037550401728155,0.0,0.01585329683072054,0.27341659070201446,9.642329584424502,130,muy_baja
20,21,0.24463981215012554,0.25370595546123265,0.0,0.01207081794639377,0.7925586217354007,0.007397251155883336,0.022090943146604564,0.2491728838056791,0.006035408973196885,0.27401560534596286,17.640796604161295,103,baja
21,22,1.0,0.7886333374958973,0.0,0.13271294409555273,0.8002140299020124,0.009586330636291942,0.023651775540279897,0.8943166687479487,0.06635647204777637,0.27781737869286144,41.28301731628621,45,alta
22,23,1.0,0.9352754998114211,0.0,0.11754710308291645,0.8093517263495393,0.013790773329051965,0.02320174537939221,0.9676377499057105,0.058773551541458226,0.2821147483526612,43.61753499332766,43,alta
23,24,0.6711263354881154,0.6274729168091572,0.0,0.062222244677857,0.8188894129249991,0.017462738851589877,0.02383586268700761,0.6492996261486363,0.0311111223389285,0.2867293381545322,32.23800288806991,67,media
24,25,1.0,0.5582662386553818,0.0,0.02679197040205026,0.8295180481561558,0.02198773759328572,0.023894382655871075,0.7791331193276909,0.01339598520102513,0.29180005613510424,36.14430535546067,56,media
25,26,0.36083878546195214,0.4885950585757416,0.0,0.27959304106163013,0.8381445143193036,0.025040694563571265,0.025047850121691966,0.42471692201884687,0.13979652053081507,0.2960776863348556,28.686370962817254,73,media
26,27,0.4951775773525767,0.3075676763641185,0.0,0.08571876981198755,0.8412980218664662,0.025601436169408916,0.026502255586118746,0.4013726268583476,0.04285938490599377,0.2978005712073313,24.73441943238909,77,media
27,28,0.29357795033495626,0.41651670268300583,0.0,0.13472865131277242,0.851388455639462,0.029641072018783136,0.027329875324466825,0.3550473265089811,0.06736432565638621,0.302786467660904,24.173270660875712,80,baja
28,29,0.8023567424432801,0.46030024250496127,0.0,0.13472865131277242,0.8580939627998174,0.03224392483724483,0.028201499459916242,0.6313284924741207,0.06736432565638621,0.30617979569899284,33.495753794316656,63,media
29,30,0.6401556871765179,0.419127782888683,0.0,0.09851254407577371,0.8653870089535582,0.03542103817218448,0.028604135895251008,0.5296417350326005,0.04925627203788686,0.3098040610069979,29.62340226924951,72,media
30,31,0.3775202376425638,0.4759983075458131,0.0,0.09340786849362834,0.8671063016771358,0.03573914509047297,0.02983658030812486,0.42675927259418844,0.04670393424681417,0.3108940090252445,26.1452405288749,75,media
31,32,0.3468587505734435,0.3445714885145531,0.0,0.008108584570013608,0.8749948742568826,0.039458780122613314,0.03015121229018554,0.3457151195439983,0.004054292285006804,0.3148682888898938,22.154590023963298,87,baja
32,33,0.19963327914716256,0.13103801915320176,0.0,0.014787546262783304,0.8860542883584671,0.045129257321015054,0.029567919020536848,0.16533564915018217,0.007393773131391652,0.3202504882333397,16.43266368383045,106,muy_baja
33,34,0.06424177153998945,0.0,0.0,0.010356466007652047,0.8945014908233664,0.04956403013725201,0.029247818923602086,0.03212088576999472,0.005178233003826024,0.3244377799614068,12.057896624507586,125,muy_baja
34,35,0.09400844092902574,0.08725599419188736,0.0,0.04936541356133938,0.9007692772786196,0.05310079716436023,0.029200077815588005,0.09063221756045656,0.02468270678066969,0.3276900507528559,14.76683250313274,116,muy_baja
35,36,0.10800456039835928,0.06733302432631855,0.0,0.03342561901552208,0.9106671945246304,0.05580587296834597,0.028711333687482878,0.0876687923623389,0.01671280950776104,0.33172813372681975,14.536991186563988,117,muy_baja
36,37,0.14505176004460835,0.03386994990603323,0.0,0.04258301989050719,0.9231130003144523,0.0602061810798486,0.027581934486036866,0.08946085497532079,0.021291509945253594,0.3369670386267793,14.923980118245122,115,muy_baja
37,38,0.23289122302568982,0.024987429652679784,0.0,0.03513192553867882,0.9314995209867364,0.0608640113995332,0.027099334687007457,0.1289393263391848,0.01756596276933941,0.33982095569109233,16.210874826653885,108,muy_baja
38,39,0.2829222796406776,0.15827716412084591,0.0,0.012923238478443929,0.930298437703685,0.05759925197667398,0.027859003664868345,0.22059972188076177,0.006461619239221964,0.3385855644484091,18.854896852279758,99,baja
39,40,0.18570724207816383,0.3202124879042463,0.0,0.0012304091195111688,0.9307529601688932,0.05396659979066684,0.028561960854030535,0.25295986499120504,0.0006152045597555844,0.3377605069378635,19.711185882960805,95,baja
40,41,0.7615375778594576,0.3708138966834507,0.0,0.386462397875897,0.9308101169293359,0.050742534633520416,0.029283153781449186,0.5661757372714542,0.1932311989379485,0.3369452684481018,36.54507348858348,55,media
41,42,0.5681375755258704,0.5354410240683294,0.0,0.12204350741901933,0.9348588560100937,0.046979152107073985,0.02969688654151909,0.5517892997970999,0.061021753709509664,0.3371782982195622,31.666311724205727,70,media
42,43,0.578346646311269,0.6080750640466089,0.0,0.1809481092871612,0.9376335376039556,0.04334511869318885,0.030282027174483698,0.593210855178939,0.0904740546435806,0.33708689449054274,34.02572681043541,59,media
43,44,1.0,0.585939920360321,0.0,0.13088362009125495,0.9411270165779073,0.03982647217669241,0.030777846855610348,0.7929699601801605,0.06544181004562748,0.33724377853673665,39.855184958750826,47,alta
44,45,0.6697580693780875,0.42220490063238164,0.0,0.030920962416192063,0.9492247897934021,0.03717506537129038,0.03031803728269958,0.5459814850052346,0.015460481208096032,0.3389059641491307,30.011597678748707,71,media
45,46,0.30458484264379543,0.29859795824208724,0.0,0.15917491083297478,0.957550913497152,0.0361231851709227,0.029298741694697535,0.3015914004429413,0.07958745541648739,0.34099094678759073,24.072326754900644,81,baja
46,47,0.43280957151159055,0.23447562968436644,1.0,0.6459996079151628,0.9658255228210118,0.034218785369006154,0.02848341692183866,0.3336426005979785,0.8229998039575814,0.3428425750372855,49.982832653094846,31,alta
47,48,0.2291027177369505,0.013404680682502166,1.0,0.6436482692295067,0.9741672224066065,0.031376564178518335,0.027868220291210347,0.12125369920972634,0.8218241346147533,0.3444706689587784,42.9182834261086,44,alta
48,49,0.10558868116880818,0.014879739916523272,1.0,0.5052533979793904,0.982782505997238,0.027231646577006663,0.027522293057145226,0.06023421054266573,0.7526266989896953,0.34584548187713,38.62354638031637,52,alta
49,50,0.0973585840918847,0.0,0.0,0.4273201710319015,0.9888100664395936,0.023332682423921072,0.027546293292309208,0.04867929204594235,0.21366008551595075,0.3465630140519413,20.296746387127815,91,baja
50,51,0.15788933529494278,0.0,0.0,0.0031912673484738754,0.98811427977671,0.020733737501535468,0.02845767373893726,0.07894466764747139,0.0015956336742369377,0.3457685636723942,14.210295499803419,119,muy_baja
51,52,0.3297134670850808,0.9701967313562466,0.0,0.07151433403965256,0.9856807366514126,0.020759818805010995,0.029968080686362517,0.6499550992206637,0.03575716701982628,0.3454695453809287,34.37272705404729,58,media
52,53,0.22797994977630037,1.0,0.0,0.08044648213879856,0.986405463603908,0.022292759254417288,0.03159639039459848,0.6139899748881502,0.04022324106939928,0.34676487108430787,33.36593623472857,64,media
53,54,0.3770762367995454,0.8669796056786521,1.0,0.6002107688705159,0.9933819881526729,0.02332355108791325,0.03266259773939979,0.6220279212390987,0.8001053844352579,0.3497893789933286,59.064089488922846,12,muy_alta
54,55,1.0,1.0,0.0,0.13692576807862894,0.9983374880486006,0.024626888821114128,0.03394833195422994,1.0,0.06846288403931447,0.35230423627464824,47.35890401046542,37,alta
55,56,0.1182442806866616,1.0,1.0,0.6309585272890819,0.9979948814815167,0.02660603883046947,0.035416623714817554,0.5591221403433309,0.8154792636445409,0.3533391813422679,57.59801951100466,17,muy_alta
56,57,0.704126943182354,0.7082149889744422,0.0,0.34445763481288166,0.9981441902728391,0.028642231044720228,0.0367145186880433,0.7061709660783981,0.17222881740644083,0.3545003133352009,41.09666989400133,46,alta
57,58,0.5116364552865392,0.8419060473791373,0.0,0.27733323300932977,0.9995053651306482,0.030831075610932554,0.03795402922337295,0.6767712513328383,0.13866661650466489,0.3560968233216512,39.051156371971814,51,alta
58,59,0.3545949038173711,0.7408948908190885,0.0,0.1199132924785492,1.0,0.03319497709861071,0.039068222326332065,0.5477448973182298,0.0599566462392746,0.3574210664749809,32.17075366774951,68,media
59,60,0.23816007380895646,0.6609493448297505,1.0,0.9949888484489304,1.0,0.035211433052665164,0.040057362868231874,0.4495547093193535,0.9974944242244652,0.35842293197363234,60.18240218391503,11,muy_alta
60,61,0.5798918991188243,0.9462077302696251,1.0,0.9401454604947889,1.0,0.03765969620585653,0.041005932435084734,0.7630498146942247,0.9700727302473944,0.35955520954698045,69.75592514962,1,muy_alta
61,62,0.19308560329889063,1.0,1.0,0.9338813823974162,1.0,0.04054667994157503,0.041768033524184046,0.5965428016494453,0.9669406911987082,0.36077157115525305,64.14183546678022,4,muy_alta
62,63,0.1507253071644256,0.7183975916820236,1.0,0.9198902677605028,1.0,0.04302218057985973,0.04255082833183884,0.43456144942322456,0.9599451338802514,0.3618576696372328,58.54547509802362,13,muy_alta
63,64,0.27888845043619487,0.2205049415560825,1.0,0.6829598076666089,1.0,0.045852834431596746,0.04320355821609084,0.2496966959961387,0.8414799038333045,0.36301879754922917,48.47317991262241,33,alta
64,65,0.30993889073536135,0.13943437289837243,1.0,0.5755527609582051,1.0,0.053712271411755046,0.04412580405936631,0.22468663181686688,0.7877763804791025,0.3659460251570405,45.94696791510033,41,alta
65,66,0.41412302600326245,0.15250002517547942,1.0,0.5755527609582051,0.9829406199099759,0.06533610714794467,0.04486458170949752,0.28331152558937095,0.7877763804791025,0.364380436255806,47.84894474414265,36,alta
66,67,0.247939937749446,0.07882224621555117,0.0,0.030290524738744322,0.9628617256104036,0.07730580586905791,0.04551390401008435,0.1633810919824986,0.015145262369372161,0.36189381182984864,18.014005539390645,102,baja
67,68,0.3042630134108531,0.0,0.0,0.016469391919733792,0.9425131819182379,0.08973079817358487,0.04595309283407036,0.15213150670542655,0.008234695959866896,0.35939902430863097,17.32550756579748,104,baja
68,69,0.3009046681413525,0.006231950432220072,1.0,0.7856772430070472,0.9218833823972001,0.1027445407365308,0.04620986932026993,0.1535683092867863,0.8928386215035236,0.3569459308180003,46.778428720277006,39,alta
69,70,0.44092196815654355,0.541054226040218,1.0,0.78151774548202,0.9015074229193747,0.11612647610080644,0.046524248069983586,0.49098809709838076,0.8907588727410101,0.3547193823633883,57.882211740092636,16,muy_alta
70,71,0.3310897710487879,0.5365594477547312,1.0,0.7652690164000016,0.8846633928503527,0.12746702009476654,0.047377016766004,0.43382460940175954,0.8826345082000008,0.353169143237041,55.65427536129338,20,muy_alta
71,72,0.7229756134908215,0.5180880256559746,1.0,0.7588855250911993,0.8656435318133937,0.14034071947393878,0.047925191660670226,0.620531819573398,0.8794427625455996,0.35130314764933424,61.709257658944395,9,muy_alta
72,73,0.2814085670693957,0.3731265700943665,1.0,0.8903479531765188,0.8559237503959698,0.14642453087918247,0.04904926497812703,0.3272675685818811,0.9451739765882594,0.35046584875109316,54.09691313070779,23,muy_alta
73,74,0.31394089937693054,0.03483662813438954,0.0,0.07814950276758909,0.8395157907011227,0.15708216548364862,0.049982798091176166,0.17438876375566004,0.03907475138379454,0.34886025142531585,18.744125552159016,100,baja
74,75,0.14868856584883897,0.02499160070732144,0.0,0.3156989869948724,0.8238971927125748,0.1669928819810454,0.050991858897612714,0.08684008327808021,0.1578494934974362,0.34729397786374433,19.732785154642027,94,baja
75,76,0.4503104147698692,0.06612976844402091,0.0,0.12499313330972953,0.8055345519639545,0.1790735253715856,0.051782850519563994,0.25822009160694503,0.06249656665486476,0.3454636426183681,22.20601002933926,86,baja
76,77,0.28678538743006565,0.08546304248992823,0.0,0.028706849122506792,0.7842915446714264,0.19507095398466004,0.05317832178478866,0.18612421495999693,0.014353424561253396,0.3441802734802917,18.155263766718065,101,baja
77,78,0.23577162662674986,0.03884712829961596,0.0,0.0299746584388874,0.758469539916226,0.21665054636751058,0.05518408142484391,0.13730937746318292,0.0149873292194437,0.34343472256952684,16.524380975071782,105,muy_baja
78,79,0.1850796023193241,0.06455908622597613,0.0,0.0500907532792905,0.7308176915408949,0.240214760500495,0.05700887716045741,0.12481934427265012,0.02504537663964525,0.34268044306728246,16.418172132652593,107,muy_baja
79,80,0.4667255850760246,0.1564221031326058,0.0,0.15341766787324368,0.7041212360692333,0.2632283470311221,0.05881433561847936,0.3115738441043152,0.07670883393662184,0.3420546395729449,24.344577253796064,79,baja
80,81,0.2298104588325146,0.21617897685024678,0.0,0.15341766787324368,0.6782192276879851,0.2849051779729941,0.06084702908707023,0.2229947178413807,0.07670883393662184,0.34132381158268316,21.367578778689523,90,baja
81,82,0.25662726732325214,0.44850802773601306,1.0,1.0,0.648825430914611,0.3110220271438501,0.06284051538723767,0.3525676475296326,1.0,0.3408959911485662,56.44878795593996,19,muy_alta
82,83,0.2616301628507158,0.47790014245028356,1.0,1.0,0.6192087156561706,0.33833382045084415,0.06486703128538002,0.3697651526504997,1.0,0.34080318913079827,57.018944726043266,18,muy_alta
83,84,0.2024440807480214,0.6243464104582588,1.0,1.0,0.5896217988906166,0.3657866326415508,0.06705059178857758,0.4133952456031401,1.0,0.3408196744402483,58.473830668112946,14,muy_alta
84,85,0.4502252166429254,0.5312075073646261,1.0,1.0,0.5620854165340281,0.390806327643353,0.06923254787317838,0.4907163620037758,1.0,0.34070809735018653,61.04748197846541,10,muy_alta
85,86,0.31475751583859496,0.26050294839375776,1.0,1.0,0.5345230381795621,0.4158038324445334,0.0714710182797838,0.28763023211617633,1.0,0.3405992963012931,54.27431761391565,22,muy_alta
86,87,0.526578861929469,0.5855905893462033,1.0,1.0,0.5055889649943459,0.44483504802897406,0.07382677117663848,0.5560847256378362,1.0,0.3414169280666528,63.25005512348297,5,muy_alta
87,88,0.16955775559155023,0.38714529798133424,1.0,1.0,0.47782263874812403,0.47184679810379226,0.07620799654620179,0.27835152678644226,1.0,0.3419591444660393,54.01035570841605,24,muy_alta
88,89,0.21136343013385434,0.4125912214773161,1.0,0.9808360082649777,0.45975458247610573,0.48915015394133304,0.07930466845069124,0.31197732580558524,0.9904180041324888,0.3427364682893767,54.83772660758169,21,muy_alta
89,90,0.3076763970995416,0.19049115293656452,1.0,0.9610149656761943,0.441681892008036,0.5062153907957895,0.0823807287991038,0.24908377501805307,0.9805074828380971,0.3434260038676431,52.43390872412645,26,muy_alta
90,91,0.3385622726847882,0.04233572784674453,1.0,0.9509997861734076,0.4201436250606137,0.5286817414914277,0.08600575040343778,0.1904490002657664,0.9754998930867038,0.34494370565182636,50.36308663347655,29,alta
91,92,0.3706557077253498,0.09507614060255615,0.0,0.010012061017249215,0.3941724844891405,0.5625879613138975,0.09102585219280072,0.23286592416395296,0.0050060305086246076,0.34926209933194624,19.571135133484127,96,baja
92,93,0.351020212046883,0.09660237307412115,0.0,0.0035460026745741135,0.3666890043780427,0.592274885358055,0.10205853506911103,0.22381129256050208,0.0017730013372870568,0.3536741416017362,19.308614516650845,97,baja
93,94,0.29017692410071655,0.027597752428036415,0.0,0.16505601595972721,0.33863785205611246,0.6165034580249174,0.11904882833799799,0.15888733826437648,0.08252800797986361,0.35806337947300926,19.98262419057498,93,baja
94,95,0.33687809797977364,0.18698634645572876,0.0,0.15727175481798628,0.3115464897478836,0.6388981664924158,0.14186834554330258,0.2619322222177512,0.07863587740899314,0.36410433392786734,23.489081118487057,82,baja
95,96,0.3451376872034168,0.21812636133152538,0.0,0.005311540416254097,0.2856357380824486,0.6624712742013995,0.1644116170591211,0.2816320242674711,0.0026557702081270486,0.37083954311432304,21.83757791966404,89,baja
96,97,0.35256838362741555,0.21142669300730563,0.0,0.006539423536280579,0.26130530616203723,0.6851770195936256,0.18941948398266642,0.2819975383173606,0.0032697117681402895,0.3786339365794431,22.130039555498136,88,baja
97,98,0.6400877080316408,0.3321432397915415,1.0,0.7469922309671867,0.23922988371105058,0.7058123264856351,0.21706132225642577,0.48611547391159116,0.8734961154835934,0.38736784415103714,58.23264778487406,15,muy_alta
98,99,0.6091326089112434,0.6279133469768912,1.0,0.7458110104992888,0.22112518532348321,0.7218797093017438,0.24560918092436845,0.6185229779440673,0.8729055052496444,0.3962046918498652,62.9211058347859,7,muy_alta
99,100,0.6022830168324659,0.6612824481586455,1.0,0.7222062255711615,0.20814892458318582,0.7307582022810065,0.2729801016633682,0.6317827324955556,0.8611031127855808,0.4039624095091869,63.22827515967745,6,muy_alta
100,101,0.8602169246853368,0.5941937111931127,0.0,0.08867825792185453,0.19742447981243372,0.7356936328862953,0.29894656426317645,0.7272053179392248,0.04433912896092727,0.4106882256539685,39.40775575180402,49,alta
101,102,0.5671412257125461,0.7653644140016413,1.0,0.5668749522294222,0.18092011467582286,0.7503922884089314,0.3304578906678228,0.6662528198570937,0.7834374761147112,0.42059009791752566,62.34267979631102,8,muy_alta
102,103,1.0,1.0,0.0,0.13692576807862894,0.1628537648831513,0.7707233762702225,0.3642495046106224,1.0,0.06846288403931447,0.43260888192133207,50.035725532021544,30,alta
103,104,0.5552942423531585,1.0,1.0,0.5944462647608424,0.14620998793886328,0.7889359504514095,0.3998408506674941,0.7776471211765792,0.7972231323804212,0.44499559635258895,67.32886166365299,3,muy_alta
104,105,0.6875862733198213,0.8858995925392698,1.0,0.5590402796748519,0.1306924208918213,0.811576089370449,0.4322561767367143,0.7867429329295454,0.779520139837426,0.45817489566632824,67.48126561444332,2,muy_alta
105,106,0.6874869462270775,0.982409496340955,0.0,0.3307194169436392,0.1261055257133633,0.8229918737467243,0.45710524252108004,0.8349482212840162,0.1653597084718196,0.46873421399372256,48.96807145831861,32,alta
106,107,0.9322551710695343,1.0,0.0,0.2536065482880585,0.12205342836317805,0.8303056356707721,0.4927440179153896,0.9661275855347671,0.12680327414402925,0.4817010273164466,52.4877295665081,25,muy_alta
107,108,0.7266425070716974,0.9218246994042187,0.0,0.150624773058872,0.11285576280462654,0.8429342731009998,0.5384956131776509,0.824233603237958,0.075312386529436,0.4980952163610924,46.58804020428288,40,alta
108,109,0.7129203932190158,0.8640777967389969,0.0,0.21137071863204074,0.10269390869036518,0.8563624447475927,0.5842109050735257,0.7884990949790063,0.10568535931602037,0.5144224195038278,46.95356245996181,38,alta
109,110,1.0,0.8753377351320321,0.0,0.1658464892580104,0.08801030305950645,0.8719591875138084,0.6302851540511768,0.9376688675660161,0.0829232446290052,0.5300848815414972,51.68923312455062,27,alta
110,111,0.8807880713636712,0.8675832257653014,0.0,0.22458757516608166,0.07482159061662486,0.8806352571794401,0.6483429049432248,0.8741856485644863,0.11229378758304083,0.5345999175797632,50.70264512424302,28,alta
111,112,0.9921935716104119,0.6602856283538363,0.0,0.14397339605613424,0.06255324990951246,0.8877733482731731,0.6627214958252271,0.8262395999821242,0.07198669802806712,0.5376826980026376,47.86363320042763,35,alta
112,113,0.6985232431997606,0.3181526924627994,0.0,0.13352134238868932,0.054695812220067024,0.8932577913206118,0.6764804558370164,0.50833796783128,0.06676067119434466,0.541478019792565,37.219221960606326,53,media
113,114,0.6557456192804816,0.23492203628860184,0.0,0.02727218273897081,0.05347843696125498,0.9009790422166992,0.7062434652097114,0.4453338277845417,0.013636091369485405,0.5535669814625552,33.75123002055274,62,media
114,115,0.749934792408595,0.3897081931677182,0.0,0.10749330352615491,0.06149449287196178,0.8994710903022803,0.7092805825433518,0.5698214927881566,0.053746651763077455,0.5567487219058647,39.34389554856996,50,alta
115,116,0.7221926533167807,0.6691750796134103,0.0,0.20810896818015479,0.07148181256562201,0.895288048853456,0.7051444418086029,0.6956838664650955,0.10405448409007739,0.5573047677425603,45.234770609924446,42,alta
116,117,0.794399016962085,0.7233045780739875,0.0,0.2424332131924585,0.07355145859335797,0.8998482061354126,0.7264387368231403,0.7588517975180362,0.12121660659622925,0.5666128005173037,48.222706821052306,34,alta
117,118,0.3946949750166259,0.4815210329095542,0.0,0.11851802584032181,0.06663766767440293,0.9117941112230309,0.7639897466169905,0.4381080039630901,0.059259012920160906,0.5808071751714747,35.939139735157525,57,media
118,119,0.5704550560201322,0.2235295579652369,0.0,0.20869221683975386,0.05109152037485831,0.9290377070673911,0.8098280587953826,0.39699230699268456,0.10434610841987693,0.5966524287458773,36.599694805281295,54,media
119,120,0.5607129156884386,0.09713483621367472,0.0,0.03850712531879412,0.03540911293148029,0.9467587200123175,0.8567830049174,0.32892387595105665,0.01925356265939706,0.6129836126203992,32.0387017076951,69,media
120,121,0.32033287867955557,0.004698392675637603,0.0,0.0,0.019177102980064052,0.9642463383759937,0.9021531858706131,0.16251563567759658,0.0,0.6285255424088904,26.368039269549566,74,media
121,122,0.0,0.10852793708250862,0.0,0.0,0.0048754123203776124,0.9818534012932488,0.9487241763911809,0.05426396854125431,0.0,0.645150996668269,23.313832173650777,84,baja
122,123,0.09787486134434592,0.14221638333829498,0.0,0.0,0.0037733424454367403,0.99163825559068,0.9775433374454323,0.12004562234132045,0.0,0.6576516451605163,25.923242250061225,76,media
123,124,0.49929189510656324,0.19418676960361925,0.0,0.0,0.0,1.0,1.0,0.34673933235509125,0.0,0.6666666666666666,33.78019996739193,61,media
124,125,0.5262586049460689,0.17289944983991606,0.0,0.0,0.0,1.0,1.0,0.3495790273929925,0.0,0.6666666666666666,33.87485646865531,60,media
125,126,0.5507865982897366,0.09491266016242196,0.0,0.0,0.0,1.0,1.0,0.3228496292260793,0.0,0.6666666666666666,32.9838765297582,65,media
126,127,0.0,0.06587203461989465,0.0,0.0,0.0,1.0,1.0,0.03293601730994732,0.0,0.6666666666666666,23.320089465887133,83,baja
127,128,0.0,0.015048159217377432,0.0,0.12310128127071908,0.0,1.0,1.0,0.007524079608688716,0.06155064063535954,0.6666666666666666,24.52471289702383,78,media
128,129,0.2510476951769812,0.12000340071687846,0.0,0.2708075073765189,0.0,1.0,1.0,0.18552554794692983,0.13540375368825944,0.6666666666666666,32.91986561006187,66,media
129,130,0.5218535140430173,0.23976975635192602,0.0,0.2713630503715496,0.0,1.0,1.0,0.38081163519747163,0.1356815251857748,0.6666666666666666,39.438660901663766,48,alta
