km_inicio,km_fin,elev_min_m,elev_mean_m,elev_max_m,desnivel_local_m
0,1,1077.381591796875,1081.650634765625,1089.25048828125,11.868896484375
1,2,1088.3267822265625,1103.5521240234375,1119.5718994140625,31.2451171875
2,3,1118.27001953125,1127.823486328125,1134.0606689453125,15.7906494140625
3,4,1131.64404296875,1143.0380859375,1159.623046875,27.97900390625
4,5,1157.955810546875,1172.3863525390625,1185.042724609375,27.0869140625
5,6,1182.745361328125,1193.165283203125,1203.43359375,20.688232421875
6,7,1200.2393798828125,1204.704833984375,1209.785888671875,9.5465087890625
7,8,1208.4703369140625,1219.533447265625,1238.7843017578125,30.31396484375
8,9,1229.3814697265625,1244.482666015625,1258.1456298828125,28.76416015625
9,10,1253.7095947265625,1263.5340576171875,1273.0960693359375,19.386474609375
10,11,1258.4722900390625,1263.2127685546875,1271.4935302734375,13.021240234375
11,12,1266.7923583984375,1278.310546875,1289.5462646484375,22.75390625
12,13,1287.9853515625,1301.373046875,1315.7645263671875,27.7791748046875
13,14,1314.26953125,1324.01953125,1331.9437255859375,17.6741943359375
14,15,1331.1434326171875,1344.7247314453125,1358.7548828125,27.6114501953125
15,16,1347.2257080078125,1357.77685546875,1363.7598876953125,16.5341796875
16,17,1348.0760498046875,1357.7603759765625,1368.3740234375,20.2979736328125
17,18,1345.2061767578125,1352.7362060546875,1363.4866943359375,18.280517578125
18,19,1341.222412109375,1348.4600830078125,1355.392578125,14.170166015625
19,20,1351.6728515625,1357.9351806640625,1366.74462890625,15.07177734375
20,21,1365.937255859375,1377.24072265625,1399.802734375,33.865478515625
21,22,1393.492919921875,1415.0921630859375,1429.908447265625,36.41552734375
22,23,1417.100341796875,1439.5384521484375,1460.326416015625,43.22607421875
23,24,1458.337646484375,1483.5802001953125,1503.1593017578125,44.8216552734375
24,25,1432.9859619140625,1471.884033203125,1506.197021484375,73.2110595703125
25,26,1431.5550537109375,1440.9129638671875,1453.48095703125,21.9259033203125
26,27,1450.8997802734375,1459.8868408203125,1465.8297119140625,14.929931640625
27,28,1463.44287109375,1475.5032958984375,1484.5396728515625,21.0968017578125
28,29,1479.7607421875,1499.6165771484375,1522.4267578125,42.666015625
29,30,1517.7496337890625,1532.7813720703125,1550.5269775390625,32.77734375
30,31,1543.106201171875,1559.4520263671875,1575.13427734375,32.028076171875
31,32,1571.75830078125,1587.9876708984375,1603.8258056640625,32.0675048828125
32,33,1602.9654541015625,1615.0946044921875,1628.802978515625,25.8375244140625
33,34,1627.974609375,1638.8173828125,1648.5849609375,20.6103515625
34,35,1645.989990234375,1655.1976318359375,1668.568115234375,22.578125
35,36,1666.4266357421875,1678.2783203125,1690.898193359375,24.4715576171875
36,37,1689.625244140625,1703.0283203125,1717.081787109375,27.45654296875
37,38,1715.9964599609375,1731.7530517578125,1747.0394287109375,31.04296875
38,39,1745.889892578125,1760.3255615234375,1775.7984619140625,29.9085693359375
39,40,1774.6739501953125,1790.1036376953125,1803.6304931640625,28.95654296875
40,41,1796.322509765625,1804.638671875,1812.3076171875,15.985107421875
41,42,1807.9600830078125,1825.30859375,1846.173095703125,38.2130126953125
42,43,1842.09228515625,1858.99267578125,1875.631591796875,33.539306640625
43,44,1872.621826171875,1890.24169921875,1909.3731689453125,36.7513427734375
44,45,1845.6376953125,1863.3768310546875,1892.3096923828125,46.6719970703125
45,46,1828.6009521484375,1839.641845703125,1847.9300537109375,19.3291015625
46,47,1813.4700927734375,1824.537353515625,1836.527587890625,23.0574951171875
47,48,1814.4390869140625,1830.7882080078125,1847.113037109375,32.6739501953125
48,49,1845.8966064453125,1859.5194091796875,1871.8985595703125,26.001953125
49,50,1871.6636962890625,1883.21435546875,1897.3155517578125,25.65185546875
50,51,1895.5078125,1909.8453369140625,1924.0189208984375,28.5111083984375
51,52,1923.29736328125,1937.65625,1956.7115478515625,33.4141845703125
52,53,1954.9400634765625,1967.05712890625,1983.987060546875,29.0469970703125
53,54,1979.05908203125,1994.726806640625,2011.947021484375,32.887939453125
54,55,2010.041015625,2029.72216796875,2053.175048828125,43.134033203125
55,56,2038.60400390625,2052.317138671875,2067.775634765625,29.171630859375
56,57,2064.486572265625,2079.740478515625,2094.062255859375,29.57568359375
57,58,2092.259521484375,2106.695068359375,2118.608154296875,26.3486328125
58,59,2117.0810546875,2132.85009765625,2148.897216796875,31.816162109375
59,60,2145.177490234375,2160.352294921875,2178.25048828125,33.072998046875
60,61,2173.285400390625,2188.131103515625,2209.953125,36.667724609375
61,62,2200.419921875,2214.23974609375,2227.471435546875,27.051513671875
62,63,2225.938720703125,2239.794921875,2253.04443359375,27.105712890625
63,64,2252.3271484375,2267.62109375,2286.993408203125,34.666259765625
64,65,2283.25146484375,2298.0341796875,2312.433349609375,29.181884765625
65,66,2312.021728515625,2329.005615234375,2348.36474609375,36.343017578125
66,67,2345.87939453125,2365.285400390625,2380.5556640625,34.67626953125
67,68,2379.73974609375,2397.152587890625,2415.8271484375,36.08740234375
68,69,2414.548828125,2432.06201171875,2450.2099609375,35.6611328125
69,70,2449.27685546875,2469.65625,2487.251708984375,37.974853515625
70,71,2485.159912109375,2503.0712890625,2520.4033203125,35.243408203125
71,72,2517.97900390625,2538.05859375,2562.774169921875,44.795166015625
72,73,2550.857177734375,2566.481201171875,2584.27294921875,33.415771484375
73,74,2581.98291015625,2602.669921875,2620.549072265625,38.566162109375
74,75,2618.09912109375,2632.9892578125,2647.29833984375,29.19921875
75,76,2645.20703125,2662.554443359375,2681.496337890625,36.289306640625
76,77,2679.65966796875,2696.448974609375,2714.326171875,34.66650390625
77,78,2712.765625,2729.13134765625,2745.148193359375,32.382568359375
78,79,2743.83349609375,2758.8408203125,2774.10498046875,30.271484375
79,80,2772.3349609375,2790.416015625,2803.60546875,31.2705078125
80,81,2802.367919921875,2819.4912109375,2837.919921875,35.552001953125
81,82,2835.614013671875,2851.913330078125,2868.401611328125,32.78759765625
82,83,2866.99755859375,2884.40673828125,2902.6318359375,35.63427734375
83,84,2901.127685546875,2916.364013671875,2932.071044921875,30.943359375
84,85,2931.587646484375,2948.42578125,2963.193115234375,31.60546875
85,86,2962.095947265625,2979.02685546875,2992.43408203125,30.338134765625
86,87,2991.652099609375,3009.8779296875,3030.0576171875,38.405517578125
87,88,3022.49267578125,3036.990234375,3052.213623046875,29.720947265625
88,89,3051.072265625,3065.779296875,3081.636474609375,30.564208984375
89,90,3079.577392578125,3098.26708984375,3114.06201171875,34.484619140625
90,91,3113.1572265625,3129.07861328125,3151.6796875,38.5224609375
91,92,3150.315673828125,3171.905029296875,3192.696533203125,42.380859375
92,93,3190.890380859375,3210.427734375,3230.3369140625,39.446533203125
93,94,3228.6494140625,3248.60595703125,3266.792236328125,38.142822265625
94,95,3264.923583984375,3285.27099609375,3304.054443359375,39.130859375
95,96,3303.374267578125,3322.9580078125,3340.506591796875,37.13232421875
96,97,3339.054443359375,3357.844970703125,3375.026123046875,35.9716796875
97,98,3372.691650390625,3390.902587890625,3408.253662109375,35.56201171875
98,99,3404.03125,3423.57177734375,3442.14111328125,38.10986328125
99,100,3436.31884765625,3458.549560546875,3487.53369140625,51.21484375
100,101,3483.357666015625,3505.35498046875,3520.325439453125,36.9677734375
101,102,3517.06982421875,3532.287109375,3552.2666015625,35.19677734375
102,103,3544.0810546875,3564.650146484375,3597.0615234375,52.98046875
103,104,3578.449951171875,3595.98974609375,3619.116455078125,40.66650390625
104,105,3610.851806640625,3629.827880859375,3651.236572265625,40.384765625
105,106,3641.5380859375,3664.9140625,3684.90673828125,43.36865234375
106,107,3680.457275390625,3704.375,3727.670654296875,47.21337890625
107,108,3721.975830078125,3746.252685546875,3770.971435546875,48.99560546875
108,109,3765.29443359375,3786.123779296875,3805.17236328125,39.8779296875
109,110,3800.961669921875,3832.97509765625,3861.087158203125,60.12548828125
110,111,3858.039794921875,3889.077880859375,3915.505859375,57.466064453125
111,112,3912.51123046875,3937.65625,3959.341064453125,46.829833984375
112,113,3956.44873046875,3983.104248046875,4008.548095703125,52.099365234375
113,114,3996.66259765625,4013.34912109375,4026.213623046875,29.551025390625
114,115,3943.095947265625,3970.54052734375,3998.507080078125,55.4111328125
115,116,3886.75341796875,3922.2998046875,3944.876953125,58.12353515625
116,117,3829.187744140625,3861.242919921875,3890.5576171875,61.369873046875
117,118,3796.521728515625,3813.54541015625,3835.231689453125,38.7099609375
118,119,3754.638427734375,3777.164794921875,3799.598876953125,44.96044921875
119,120,3706.09765625,3730.479248046875,3757.64404296875,51.54638671875
120,121,3670.923095703125,3687.307861328125,3707.034423828125,36.111328125
121,122,3652.0966796875,3660.348388671875,3671.552734375,19.4560546875
122,123,3646.056884765625,3649.33984375,3653.865478515625,7.80859375
123,124,3647.5654296875,3653.314697265625,3661.1171875,13.5517578125
124,125,3655.9296875,3673.507080078125,3694.862548828125,38.932861328125
125,126,3691.96728515625,3719.225830078125,3741.103759765625,49.136474609375
126,127,3737.4501953125,3740.5537109375,3745.4326171875,7.982421875
127,128,3737.415771484375,3741.611328125,3744.180419921875,6.7646484375
128,129,3709.36328125,3725.88916015625,3741.1064453125,31.7431640625
129,130,3670.162841796875,3689.69970703125,3709.4150390625,39.252197265625
