km_inicio,km_fin,latitud_centro,longitud_centro,temp_media_2001_2025_c,dias_min_bajo_0c_anuales,dias_congelamiento_deshielo_anuales,precipitacion_anual_media_mm,precipitacion_diaria_p95_mm,viento_medio_ms,viento_p95_ms,fraccion_horas_nieve_gt0pct,fraccion_horas_nieve_ge10pct,fraccion_horas_nieve_ge50pct,nieve_profundidad_p95_m,cobertura_nieve_media_pct,metodo_clima
0,1,-29.505851342110084,-68.58199841872907,15.705271535808922,35.67326563582408,35.27479253934354,429.312945512681,6.536419950585133,1.5539653921205003,3.0293519511364684,0.2521160793750896,0.038607411185866955,0.006939647001050663,0.006251405410837287,1.5195721026068645,ERA5-Land ARCO 2001-2025; interpolacion bilineal en centro de segmento
1,2,-29.49777801851214,-68.58388206536405,15.674230480646624,36.719174986951145,36.30642313575293,430.06587359146886,6.548958986630307,1.5510283016652882,3.023893483583453,0.25343871559504744,0.039198508673624594,0.0071923386118238905,0.006388928858363237,1.5501245566709025,ERA5-Land ARCO 2001-2025; interpolacion bilineal en centro de segmento
2,3,-29.489700380442095,-68.58579620547462,15.604304376068763,38.08569481163065,37.6517712621982,429.70699667739405,6.552903583827587,1.5552612853445014,3.026326916019352,0.2579004113736383,0.0396797595379161,0.007478469353814964,0.006534679421615343,1.579823431657895,ERA5-Land ARCO 2001-2025; interpolacion bilineal en centro de segmento
3,4,-29.481684075322356,-68.58800008166426,15.539634271709504,39.42079506648033,38.966697839656824,429.4731336286424,6.558117260387304,1.559410030244509,3.0287351014255717,0.26238627965130407,0.04016778054870627,0.007756476025950856,0.006684707672530414,1.6093031835024683,ERA5-Land ARCO 2001-2025; interpolacion bilineal en centro de segmento
4,5,-29.47359003605531,-68.58982240586944,15.481868950190075,40.69265285284047,40.2200005030323,428.637700393115,6.554136320707316,1.5636873317332767,3.031807382543571,0.26685171387168055,0.04060091430234423,0.008024185940506712,0.006821924614125538,1.6369283869490099,ERA5-Land ARCO 2001-2025; interpolacion bilineal en centro de segmento
5,6,-29.46549567845537,-68.59164480174526,15.429668368696452,41.92255028568386,41.43252214983861,427.62565729034736,6.547117171037333,1.5679726081766376,3.035134852447831,0.27132254705939285,0.04101556798781885,0.008283479028389214,0.006956265930129268,1.6636939373988195,ERA5-Land ARCO 2001-2025; interpolacion bilineal en centro de segmento
6,7,-29.45741878739325,-68.59353052872015,15.383206753780424,43.110566235481926,42.604356120591945,426.4975049811465,6.537899951037533,1.5722435456137482,3.038663572234259,0.27580086453656133,0.04141640780916428,0.008533961019534821,0.0070891365046964585,1.689694733144927,ERA5-Land ARCO 2001-2025; interpolacion bilineal en centro de segmento
7,8,-29.44980380167879,-68.5961081752243,15.346733922918155,44.21372375772854,43.693379297636284,425.91668204990486,6.5354008925458436,1.576126162085613,3.041739578369412,0.2801708815861623,0.04183862913392999,0.00876217712832038,0.007231194063188818,1.7150120102727235,ERA5-Land ARCO 2001-2025; interpolacion bilineal en centro de segmento
8,9,-29.4427042379227,-68.59992067305832,15.324933490228753,45.21780554639352,44.68610917705057,426.2486833275027,6.544371445174012,1.5794910978283114,3.044132427161804,0.2845049046273424,0.04231272450824463,0.008962036549642824,0.007393586252167081,1.7401421729193556,ERA5-Land ARCO 2001-2025; interpolacion bilineal en centro de segmento
9,10,-29.434481890614556,-68.60057393663813,15.286411716800078,46.29860741557225,45.75292348284194,423.4638928590474,6.511250220795642,1.5848524619589828,3.0508572926672684,0.28904377136279225,0.04255872268870598,0.009200584954235574,0.007485232953384989,1.7619192487053505,ERA5-Land ARCO 2001-2025; interpolacion bilineal en centro de segmento
10,11,-29.42625030704304,-68.60122793403598,15.248958161805028,47.3720564851875,46.81242995632217,420.62862680718985,6.477438917878022,1.5903639663642666,3.0578834831084207,0.29350660740292767,0.04280057507962775,0.009439478597143749,0.007574436522444435,1.78360827547142,ERA5-Land ARCO 2001-2025; interpolacion bilineal en centro de segmento
11,12,-29.418276697775262,-68.60289530317985,15.213197695503588,48.45489130726754,47.88075944954403,418.43586620402584,6.453434399880123,1.5969683366384986,3.067182224631286,0.29807147578723037,0.043085344118994756,0.009681521599735165,0.007672626338130869,1.8068167019406018,ERA5-Land ARCO 2001-2025; interpolacion bilineal en centro de segmento
12,13,-29.412425759752995,-68.60938402263508,15.188816277562204,49.47450044767132,48.88454237295575,419.66275307073386,6.4806413591439975,1.6082417118674224,3.0866673544808663,0.30270154467193516,0.04355289839508253,0.00991380715318806,0.007805569678655646,1.8351243023760562,ERA5-Land ARCO 2001-2025; interpolacion bilineal en centro de segmento
13,14,-29.407303357718863,-68.61667212044904,15.179302239313234,50.35108238469634,49.74699481149885,421.3686812673987,6.514211926879149,1.6203340779316995,3.108066308422342,0.30645036982270185,0.04402067176335718,0.010126548496070567,0.00792777355389233,1.8622320062185067,ERA5-Land ARCO 2001-2025; interpolacion bilineal en centro de segmento
14,15,-29.400452512731842,-68.6218782448243,15.178221463264393,51.229663975135196,50.61268739596265,420.9292062319935,6.515828974074338,1.6312699686879506,3.1263235326546783,0.30954173412987834,0.04439913649153629,0.010355316494950164,0.008023669294692162,1.8874452131377064,ERA5-Land ARCO 2001-2025; interpolacion bilineal en centro de segmento
15,16,-29.39302873862987,-68.62562309285393,15.129237770780556,52.17727604629362,51.54562355382115,423.19448220750365,6.545054194950741,1.6349243398767066,3.133809388832769,0.3121441941361064,0.04479857757655995,0.010586994828631508,0.008130804240440714,1.9138521287204584,ERA5-Land ARCO 2001-2025; interpolacion bilineal en centro de segmento
16,17,-29.385177840636466,-68.62405365088172,15.06263248910313,53.01841693377423,52.3754585580901,423.10600314292094,6.5357968494275,1.631472733914707,3.1275925436730723,0.3140913155564323,0.04497862805393676,0.010786384570986983,0.008192146584397703,1.9315913378529104,ERA5-Land ARCO 2001-2025; interpolacion bilineal en centro de segmento
17,18,-29.38036161120893,-68.61673564816404,15.006145310375448,53.350192814153885,52.70538287355983,420.12053235223533,6.483981336311288,1.6216414629617548,3.1085258634756245,0.31436407895969465,0.04483694689481956,0.01088276136091606,0.008167715204611141,1.9330569641431443,ERA5-Land ARCO 2001-2025; interpolacion bilineal en centro de segmento
18,19,-29.375901332502437,-68.60884607009575,14.949515161260598,53.63071846036612,52.9850837362963,416.97804040238134,6.430050548088894,1.611319472888803,3.0884166939870936,0.31445585367319073,0.04468156826378155,0.010983542763186537,0.008134225953031132,1.9342979040946038,ERA5-Land ARCO 2001-2025; interpolacion bilineal en centro de segmento
19,20,-29.371447574471883,-68.6009680261326,14.89127638676452,53.91673290807974,53.27027460633156,413.9848921944021,6.378476548741084,1.6011546644762322,3.0685702125905263,0.31454803898404665,0.04454775890243534,0.011101353065707026,0.008100785660720677,1.937174607146883,ERA5-Land ARCO 2001-2025; interpolacion bilineal en centro de segmento
20,21,-29.363682001365785,-68.60018213939131,14.822137114042782,54.78888768096694,54.130633171642046,414.6910090640128,6.381810302190928,1.5991029562833141,3.0649698816289606,0.3165868234902728,0.0448211522352331,0.011353928171619582,0.008168946660376934,1.9608357500373237,ERA5-Land ARCO 2001-2025; interpolacion bilineal en centro de segmento
21,22,-29.35770967096502,-68.60391740838476,14.781601914508489,55.578585929817976,54.90778747665708,417.06730120431155,6.413229460244686,1.6026272061307307,3.0723451175228234,0.31878357512472694,0.04517876392714633,0.011545916483708313,0.008263747435711085,1.9835587656815687,ERA5-Land ARCO 2001-2025; interpolacion bilineal en centro de segmento
22,23,-29.359338196621728,-68.60981560344588,14.812739197103372,55.55303424363241,54.88012287547336,419.34626484223236,6.450732193303946,1.6098031992330326,3.0865103211798175,0.3191867381837131,0.045316849645232554,0.011490561064812607,0.008305443425988532,1.9846332189042801,ERA5-Land ARCO 2001-2025; interpolacion bilineal en centro de segmento
23,24,-29.356537260964274,-68.61543833730063,14.805989060747121,56.026044961915716,55.344153909620935,422.0114647817022,6.48987655706087,1.6159241865051073,3.098881554004033,0.3207775189012279,0.045603545191557314,0.011568559901874602,0.00838770582356864,1.9983712660064419,ERA5-Land ARCO 2001-2025; interpolacion bilineal en centro de segmento
24,25,-29.355966425851484,-68.62206150473129,14.82114000523643,56.27056054752353,55.58245762510377,424.81917281824457,6.533498368328872,1.623562927518459,3.11412674424866,0.3218951248960576,0.045840689563868234,0.011575758080289676,0.008457959754657005,2.006326068792178,ERA5-Land ARCO 2001-2025; interpolacion bilineal en centro de segmento
25,26,-29.35025837398375,-68.62725308369919,14.791135500522376,57.05575882830885,56.35436975972641,427.4317785874538,6.568902921283662,1.6285004996125656,3.1244124730361165,0.32422832640682525,0.046186882830109154,0.011717638959178166,0.008564401462036198,2.0258480172035136,ERA5-Land ARCO 2001-2025; interpolacion bilineal en centro de segmento
26,27,-29.34309977110013,-68.6290623762683,14.739960499514332,57.911120465781465,57.19683019852993,428.7096432042937,6.581845477694978,1.6291528330152298,3.1263016696850134,0.3264731980042618,0.046459562436343464,0.01189653635478545,0.008651978566066731,2.045285809642982,ERA5-Land ARCO 2001-2025; interpolacion bilineal en centro de segmento
27,28,-29.33757686437992,-68.63585118931377,14.719474289451476,58.707374587338265,57.97881661889801,431.6921363460983,6.623258414359471,1.63572021876764,3.1399116219873746,0.32898544257913304,0.046811537351561405,0.01199833672570336,0.008772210204403469,2.0627211004955743,ERA5-Land ARCO 2001-2025; interpolacion bilineal en centro de segmento
28,29,-29.331643822124693,-68.64066092883276,14.690573844160138,59.493516541706306,58.7516179140425,433.8181133315254,6.650779009567011,1.6398273105435974,3.148680903187515,0.3313243508268887,0.04710105839596951,0.012105549804582855,0.008877120182667281,2.0785333760090112,ERA5-Land ARCO 2001-2025; interpolacion bilineal en centro de segmento
29,30,-29.327472927975247,-68.64612789916004,14.67876921970967,60.094834188211166,59.34188855364644,435.9851197880271,6.6807109694064755,1.6449619903135972,3.159384927649132,0.33327000506595206,0.04734464838396804,0.012155075615245588,0.008971239952947761,2.0894641374229077,ERA5-Land ARCO 2001-2025; interpolacion bilineal en centro de segmento
30,31,-29.319550242215794,-68.64796442303646,14.626226293040702,61.02098332402733,60.25389217314634,436.93757291901454,6.687767252839978,1.6451043822749445,3.1604566628615096,0.3357289767994155,0.047583042958157934,0.012306670958557066,0.009066544734548085,2.1063719405118824,ERA5-Land ARCO 2001-2025; interpolacion bilineal en centro de segmento
31,32,-29.314000245485488,-68.65466665784042,14.61155947026792,61.795993972457595,61.01466103896494,439.3475611865063,6.720143359156895,1.6510363990607253,3.1729884992094473,0.33823415606433804,0.04785357247686915,0.012345371887247266,0.009186195433124949,2.117698289743173,ERA5-Land ARCO 2001-2025; interpolacion bilineal en centro de segmento
32,33,-29.311962038856137,-68.66381127696243,14.633758428625365,62.23546401745988,61.443554258062655,442.36080172302604,6.765533163603264,1.6603901347684262,3.1920929252219636,0.3401198786519102,0.048077367952301595,0.012273624599872641,0.009295402715853076,2.120964320157686,ERA5-Land ARCO 2001-2025; interpolacion bilineal en centro de segmento
33,34,-29.30850885777833,-68.67139591252948,14.640650090649595,62.79007782838524,61.9865752708099,444.7829634841813,6.800201986425057,1.6675852917465008,3.207034134962477,0.3421713588665113,0.0482849967985274,0.012234251072286349,0.009403193894025398,2.1256925255884274,ERA5-Land ARCO 2001-2025; interpolacion bilineal en centro de segmento
34,35,-29.302408491457268,-68.67825041241794,14.62783020727206,63.61118211994504,62.79243537634523,446.80527232521854,6.8259260979288285,1.6731004771261024,3.218949870028291,0.34484918632565925,0.04850447214235673,0.012228378734691348,0.009529706259352781,2.1329667696260097,ERA5-Land ARCO 2001-2025; interpolacion bilineal en centro de segmento
35,36,-29.296618350245883,-68.68545736291095,14.573686892742279,64.69919617473626,63.856713548133975,450.03368133639435,6.86654891249171,1.6765858371158646,3.2280635510726414,0.34781716104730676,0.04875536800088782,0.012168261350801554,0.009661433532358031,2.1388142328653337,ERA5-Land ARCO 2001-2025; interpolacion bilineal en centro de segmento
36,37,-29.293796437045714,-68.69455025702239,14.55232529510141,65.5065011675041,64.64564101618974,453.62839409001106,6.917628715254188,1.6831643831369922,3.2428886456470747,0.3503517912558514,0.04896385729236276,0.012029340959836668,0.009776288068459841,2.138364732793782,ERA5-Land ARCO 2001-2025; interpolacion bilineal en centro de segmento
37,38,-29.28902871387577,-68.70280083213038,14.384201643660692,67.75897289990685,66.85745055528034,456.1597466205767,6.952048489195547,1.6825438456983204,3.2451049442462025,0.3551946627124205,0.049301512336586605,0.011969979351757849,0.009903119194905014,2.1476867266666577,ERA5-Land ARCO 2001-2025; interpolacion bilineal en centro de segmento
38,39,-29.284935246158632,-68.71151134305072,14.022227087865579,72.07764349685405,71.10018394269933,455.6887178338987,6.947119029565882,1.6747306713268544,3.234105631020808,0.36293211468386377,0.04987458719028089,0.012063421521075155,0.010042092308429064,2.1740726338135072,ERA5-Land ARCO 2001-2025; interpolacion bilineal en centro de segmento
39,40,-29.278894804308706,-68.71857252134373,13.671582057709172,76.2126485678439,75.15245300436791,456.13856457179554,6.948984470684442,1.6663633107361528,3.2218668489062554,0.3701415946952012,0.05045236291756196,0.012149887925004757,0.010191381679744775,2.1996811364313738,ERA5-Land ARCO 2001-2025; interpolacion bilineal en centro de segmento
40,41,-29.27312442350313,-68.72528557443596,13.338183043644314,80.19971146060954,79.05276772857539,456.55382745035223,6.949219052205258,1.659020512213438,3.2110046388842144,0.37685472077334387,0.051038025355440664,0.01223859739399485,0.010341374949504838,2.2249912784520043,ERA5-Land ARCO 2001-2025; interpolacion bilineal en centro de segmento
41,42,-29.26420011068786,-68.72737210766971,13.084285077512362,83.06320570350974,81.83967934392169,458.8771266389621,6.965835798213859,1.6509403693006208,3.198325412689009,0.38150805631143814,0.051490439859369505,0.012289488094741155,0.010478234191660609,2.24322453183715,ERA5-Land ARCO 2001-2025; interpolacion bilineal en centro de segmento
42,43,-29.25557133721488,-68.73096855337742,12.789514832866498,86.50955992987292,85.19321965970178,460.7828092987904,6.9772235854681846,1.6431315721392314,3.1860819770744273,0.38694858147541195,0.05204907945223029,0.012361462614819432,0.010636290335037555,2.2657473961251666,ERA5-Land ARCO 2001-2025; interpolacion bilineal en centro de segmento
43,44,-29.24661327420765,-68.73327141609248,12.52873568884806,89.52668158133906,88.12249811775253,463.0474026652924,6.991561445142184,1.6357038042878647,3.174227291888929,0.39158149207187454,0.052557187614514264,0.012422450318602191,0.010785358023017094,2.285689055149115,ERA5-Land ARCO 2001-2025; interpolacion bilineal en centro de segmento
44,45,-29.23931311046172,-68.72733584626118,12.560578594302143,88.68194342162028,87.2911567146904,466.5575320915584,7.024796148113447,1.630264456919475,3.165294427269147,0.3905495234334299,0.05240677411540309,0.012365891994887794,0.010787226666209187,2.278650144038445,ERA5-Land ARCO 2001-2025; interpolacion bilineal en centro de segmento
45,46,-29.236472289248212,-68.71785514172379,12.796774873564743,85.27584602672968,83.97545881890291,469.47051574091654,7.058968042143109,1.6281342102381264,3.1617505337379956,0.38587232796537485,0.05179798787991697,0.012240514766523549,0.010671150539645192,2.2536931535398415,ERA5-Land ARCO 2001-2025; interpolacion bilineal en centro de segmento
46,47,-29.232081305802804,-68.71024025696458,12.94148875014941,82.97039538705991,81.73592078595811,472.4804203884619,7.092928511986289,1.6240669589377523,3.1553344132174477,0.3830273395006191,0.05135329761688924,0.012140226723054127,0.01059681640595699,2.235780515626061,ERA5-Land ARCO 2001-2025; interpolacion bilineal en centro de segmento
47,48,-29.226026291219316,-68.7045090017256,12.991671426848718,81.79065322452226,80.59795682240392,475.62203921446815,7.127164332208109,1.6178611676214967,3.145758675136677,0.3820920808775117,0.05107232173855862,0.012064555201117731,0.010564630725654611,2.22497428850357,ERA5-Land ARCO 2001-2025; interpolacion bilineal en centro de segmento
48,49,-29.217454160147255,-68.7011242115058,12.914819074148012,82.12216215237433,80.93685299487466,479.06114924470876,7.162522989894392,1.6087294453970447,3.131794017688028,0.38367209478714326,0.0510176548116697,0.012022004837579177,0.010591777745926755,2.2238108894451143,ERA5-Land ARCO 2001-2025; interpolacion bilineal en centro de segmento
49,50,-29.209272782149164,-68.7008253952502,12.750082256411575,83.70675530574317,82.49206579760603,481.70676293451976,7.187261171072362,1.600148417954946,3.118658002925625,0.38689743242271946,0.05119761374978997,0.012024956957651468,0.010667006555105628,2.231971478480807,ERA5-Land ARCO 2001-2025; interpolacion bilineal en centro de segmento
50,51,-29.202531021993515,-68.70708372129239,12.412672322527476,87.92692533321542,86.59116976302093,482.4316380897043,7.184405538732837,1.5946632463991244,3.109901887832822,0.3930593391354348,0.051932612391734946,0.012137060213790898,0.010854073535568259,2.261140258405338,ERA5-Land ARCO 2001-2025; interpolacion bilineal en centro de segmento
51,52,-29.196726092892828,-68.71421376446064,12.055490063924877,92.70566723343404,91.20022030640659,482.5698274302956,7.174417844488417,1.5956425261630578,3.1099897584502543,0.3982764920697112,0.05274698333401542,0.012322846004487182,0.011042683057947502,2.2946280642618757,ERA5-Land ARCO 2001-2025; interpolacion bilineal en centro de segmento
52,53,-29.189557709115157,-68.71878509351482,11.739288776142635,96.9471552453329,95.26578382493601,483.5166522266401,7.177392252928921,1.6004216089340348,3.1151543938720367,0.40158127439040003,0.05332573522159218,0.01252313428252952,0.011172746969671745,2.3212966406358766,ERA5-Land ARCO 2001-2025; interpolacion bilineal en centro de segmento
53,54,-29.180952471400044,-68.7173559458706,11.568152096660365,98.99224892929163,97.20319826945511,486.29763049661074,7.206025151749335,1.604211667339459,3.1186272385072074,0.4018661698537559,0.05342383818111817,0.012654281835139693,0.011202613894824564,2.33067276294798,ERA5-Land ARCO 2001-2025; interpolacion bilineal en centro de segmento
54,55,-29.172519453895983,-68.71809746996739,11.33860540536702,101.90924113585443,99.98336689405096,488.4712749866544,7.2263634055794315,1.6085699695335176,3.1230183185560394,0.4032843749836118,0.05368764564740924,0.012812432026473648,0.011266883973427443,2.3461844617832335,ERA5-Land ARCO 2001-2025; interpolacion bilineal en centro de segmento
55,56,-29.165560994145995,-68.72380866219216,11.01515659855758,106.34073062896543,104.23110855200204,488.7461332578482,7.2249572872318275,1.6138986713864778,3.1296862802810343,0.4071594487979667,0.05422162414858857,0.012993037489245546,0.011383373018581515,2.3707078305850824,ERA5-Land ARCO 2001-2025; interpolacion bilineal en centro de segmento
56,57,-29.15861967064902,-68.72898156900163,10.716186454252268,110.44146281731904,108.15858343799437,489.0219028522284,7.225570077093749,1.619185985435882,3.1365464231126428,0.4107419227985385,0.054659444896832235,0.013152683500045845,0.011478106737728323,2.3914611577249896,ERA5-Land ARCO 2001-2025; interpolacion bilineal en centro de segmento
57,58,-29.150822234638213,-68.73345572455071,10.424333788117023,114.41735744896721,111.96088729598367,489.5916378150962,7.231156581048278,1.6248052211355413,3.143920867556205,0.41405272095695617,0.0550126247893093,0.013305148003254823,0.011554527920130878,2.4094616493331364,ERA5-Land ARCO 2001-2025; interpolacion bilineal en centro de segmento
58,59,-29.143284394066605,-68.73830128101925,10.138479281687577,118.35511823940188,115.72637740838522,489.8320006907778,7.234847616623943,1.63056486688303,3.151885096930931,0.4175242867420204,0.055323637374211185,0.013442197986356711,0.01161984922606567,2.42554039690544,ERA5-Land ARCO 2001-2025; interpolacion bilineal en centro de segmento
59,60,-29.13490474640347,-68.74035512660325,9.906977963255748,121.42442226378952,118.650107762559,491.112568064543,7.250818803009697,1.6358152955277054,3.1586787462542345,0.41961636634856725,0.0554710234899463,0.013563866029528793,0.011652997683575554,2.4360884424130878,ERA5-Land ARCO 2001-2025; interpolacion bilineal en centro de segmento
60,61,-29.12666351889642,-68.74395003085671,9.649797811532089,124.9341170636319,121.99806055129964,491.71725178392035,7.26108356544796,1.6416940977814,3.1669271988328815,0.42250331261232454,0.05563878996443104,0.01368054368869115,0.01168724346354694,2.4470746041478737,ERA5-Land ARCO 2001-2025; interpolacion bilineal en centro de segmento
61,62,-29.119534915913107,-68.74958221911389,9.381638019860803,128.73902413812704,125.63374604336562,491.16738815012707,7.261268058968636,1.6479480910226463,3.176653746572799,0.4263281901289545,0.05581067189217491,0.01377428501692738,0.011717155993256841,2.4571654878941858,ERA5-Land ARCO 2001-2025; interpolacion bilineal en centro de segmento
62,63,-29.110817381753755,-68.75198143171934,9.155085469693518,131.79733124479708,128.5428548845715,492.0907896695575,7.2772584175529325,1.6538199769085535,3.184993965064706,0.4286332110619471,0.05584695009485423,0.013870571751135657,0.011722936309239044,2.463384783165262,ERA5-Land ARCO 2001-2025; interpolacion bilineal en centro de segmento
63,64,-29.10254716498449,-68.75559963215419,8.920507738902325,135.05524576800977,131.644927437113,492.32321128720025,7.2878712158638645,1.660082999196487,3.194530731581075,0.4315239679820846,0.05586625254429871,0.01395086000581002,0.011721535778700633,2.4684182482868566,ERA5-Land ARCO 2001-2025; interpolacion bilineal en centro de segmento
64,65,-29.093757513550162,-68.7551719005954,8.791174994260798,136.82765255754305,133.33014104511543,489.60461621112086,7.245981282044864,1.6701382535987002,3.2210099902102756,0.4336113770201549,0.05613685031347921,0.014064299747001274,0.011807039789844043,2.4809398309923387,ERA5-Land ARCO 2001-2025; interpolacion bilineal en centro de segmento
65,66,-29.08559951994573,-68.75978169555482,8.60830780276595,139.67845913786599,136.0623975578983,483.13882257581906,7.163171917542232,1.6841749591195347,3.260171898817591,0.4386111165567511,0.05655175292164617,0.014155172203667549,0.0119159385640959,2.4964878040425327,ERA5-Land ARCO 2001-2025; interpolacion bilineal en centro de segmento
66,67,-29.077581679279994,-68.76430855461093,8.44330543863316,142.26832942961326,138.5469246014292,476.75744928865504,7.080764560571455,1.6983771083998878,3.300499055705563,0.4434653046132674,0.05694746432257151,0.014235041312609945,0.012015817806801797,2.5109718501386284,ERA5-Land ARCO 2001-2025; interpolacion bilineal en centro de segmento
67,68,-29.070175304339557,-68.77016626792381,8.283571048385797,144.84049563699674,141.01974079861904,470.1036877355676,6.997250514486185,1.712913333802739,3.342360143914298,0.4487411561106206,0.05731116940393856,0.01428906320589391,0.012096899565000967,2.5234646714068254,ERA5-Land ARCO 2001-2025; interpolacion bilineal en centro de segmento
68,69,-29.063182443072,-68.7768803775923,8.13607286521028,147.27397796707913,143.36441983224833,463.26911566303266,6.9125821444055715,1.7278749619728822,3.386204792828468,0.4542481662584778,0.05764631652990123,0.014320647688871908,0.01216142223700661,2.534173202458487,ERA5-Land ARCO 2001-2025; interpolacion bilineal en centro de segmento
69,70,-29.05568952932367,-68.78197007301559,8.01818788259718,149.21012999165097,145.23149700331888,456.8391736831627,6.828955579054959,1.742990048464494,3.4312899214915604,0.45903277580959145,0.05798230943861915,0.014359317469021783,0.012229488439315608,2.545078372691248,ERA5-Land ARCO 2001-2025; interpolacion bilineal en centro de segmento
70,71,-29.046865605654233,-68.78063928647896,7.953160954005848,150.10273246874812,146.08342879154364,452.5034971858544,6.759824680808538,1.7557623880095092,3.4694973908268323,0.4610421858753459,0.0583516541080427,0.014464211257243098,0.012338101486490012,2.559523385882187,ERA5-Land ARCO 2001-2025; interpolacion bilineal en centro de segmento
71,72,-29.03857503772747,-68.7824985058161,7.869923933357064,151.39822547682297,147.33041854967706,447.0381727845591,6.681763784893536,1.770153212182447,3.512870219724917,0.46443296530531303,0.05870231281668424,0.014531638851123638,0.012423586410866334,2.571915742737033,ERA5-Land ARCO 2001-2025; interpolacion bilineal en centro de segmento
72,73,-29.031159297612163,-68.77730212701958,7.829904865262722,151.75648523934476,147.65705717735378,445.2473187305416,6.64187207148576,1.7773509345361391,3.533367211565099,0.46420755598290986,0.059019762768379946,0.014669904138131485,0.012543614038822034,2.586384813724961,ERA5-Land ARCO 2001-2025; interpolacion bilineal en centro de segmento
73,74,-29.022384806772642,-68.77589803853273,7.7507579061368785,152.84885140778698,148.69781458080644,441.0011092263753,6.574530883691162,1.78957006474378,3.5692738883130173,0.4662259568021229,0.05939930034026819,0.014784732256371133,0.012659394308522191,2.6015974743437797,ERA5-Land ARCO 2001-2025; interpolacion bilineal en centro de segmento
74,75,-29.013682358003425,-68.77400310351081,7.667769299298273,153.9745072068381,149.7678222630871,437.03016104444544,6.51042937687399,1.8010778684643216,3.6026641204629506,0.4680167518019751,0.0597817542376264,0.014908850567733558,0.012780835449603813,2.6173140294590125,ERA5-Land ARCO 2001-2025; interpolacion bilineal en centro de segmento
75,76,-29.00481555779097,-68.77427108037855,7.578657142216788,155.2847877188493,151.02255361000732,431.978772992161,6.435065830031179,1.8148024972571024,3.6433650614531046,0.4708602915796041,0.060164897105232325,0.015006145541229886,0.012887445027718866,2.6318905547542517,ERA5-Land ARCO 2001-2025; interpolacion bilineal en centro de segmento
76,77,-28.995953891079612,-68.77379940777885,7.520104497374987,156.6447843473582,152.34156421389852,426.1541890373863,6.347880746083331,1.8353729200874207,3.6972620582376305,0.4728316698552088,0.060663442094352274,0.015177793806517377,0.013038658256695472,2.652860587438285,ERA5-Land ARCO 2001-2025; interpolacion bilineal en centro de segmento
77,78,-28.987037753897937,-68.77329746969707,7.498624578344488,158.09511107093516,153.77102255961537,418.96539601266267,6.241902641322443,1.8650640973997907,3.7699659439308175,0.4741707279294234,0.061292434204943395,0.015424509859637744,0.013234428960243712,2.6806835123501336,ERA5-Land ARCO 2001-2025; interpolacion bilineal en centro de segmento
78,79,-28.978241197170906,-68.77458611498203,7.480602859543293,159.57688010830537,155.23610134970127,411.05058339907043,6.128414532566563,1.896484500574819,3.8493562262113947,0.4762414172694277,0.06193127320012743,0.015648966665254328,0.013418955294020247,2.7076841893796435,ERA5-Land ARCO 2001-2025; interpolacion bilineal en centro de segmento
79,80,-28.969785275039406,-68.775880260543,7.463110223714052,161.01930182865254,156.66074276546038,403.42205136587506,6.01884752638164,1.926977845554942,3.9268913869701594,0.4782194118177994,0.0625676662629824,0.01587104491228885,0.013602546635966608,2.7344418448660632,ERA5-Land ARCO 2001-2025; interpolacion bilineal en centro de segmento
80,81,-28.960818682451453,-68.77531410118021,7.441350699333743,162.47909934635072,158.09907930079962,396.2218542711257,5.912541072495928,1.9568048102573492,3.9999228794575177,0.47953369605796675,0.06320356970519343,0.016121073928607368,0.013800908889107196,2.7625872925268684,ERA5-Land ARCO 2001-2025; interpolacion bilineal en centro de segmento
81,82,-28.951829797649424,-68.77742539082395,7.423406618520595,164.07381232647018,159.6719384164242,387.7864686972176,5.791903697385014,1.9906462896909385,4.087913254025162,0.4818575839652544,0.0639409500994308,0.016366280314310346,0.014008422963528161,2.7928508919688046,ERA5-Land ARCO 2001-2025; interpolacion bilineal en centro de segmento
82,83,-28.94316604137697,-68.78038534637855,7.406874242813709,165.69148520622392,161.26444442188537,379.24729652938845,5.670351425123881,2.0251041873807347,4.179929519366933,0.484368103591992,0.0647327769568089,0.01661554946600274,0.014225323995287706,2.824479372357569,ERA5-Land ARCO 2001-2025; interpolacion bilineal en centro de segmento
83,84,-28.934308153140535,-68.78280201186881,7.388607126446676,167.34530817669378,162.8892517718651,370.8034491248956,5.548921451182757,2.059842205609075,4.272420891959116,0.4866410870916201,0.06555893647657413,0.01688413570053463,0.014456840826440349,2.857828375738408,ERA5-Land ARCO 2001-2025; interpolacion bilineal en centro de segmento
84,85,-28.925580015385975,-68.78391305961642,7.368728049620245,168.91540887597603,164.43061190619153,363.0613746081549,5.4359072355249,2.0922404324730497,4.356714840297779,0.48839761537306864,0.06632926420914052,0.017152524585485992,0.014681945298301866,2.889854399871996,ERA5-Land ARCO 2001-2025; interpolacion bilineal en centro de segmento
85,86,-28.916730164431588,-68.78474565326718,7.348046045748683,170.49922341589323,165.9846195544722,355.34692667615985,5.322786327663532,2.1247426759994528,4.44093402754824,0.4900546723045283,0.06710759251773035,0.017427864946671614,0.014911689893637722,2.922411216165922,ERA5-Land ARCO 2001-2025; interpolacion bilineal en centro de segmento
86,87,-28.908616845981694,-68.78814286132416,7.331236785560612,172.18207706764002,167.62832308004388,347.1106426012843,5.204035740005751,2.159797230454864,4.538743204938578,0.4923418714434067,0.06805375143144732,0.01771763149956875,0.015170901551074418,2.959323105400337,ERA5-Land ARCO 2001-2025; interpolacion bilineal en centro de segmento
87,88,-28.900262154695834,-68.79010226064138,7.312038147865409,173.81904324520144,169.22748791673445,339.321945299672,5.090077793686556,2.193352036881299,4.629748593500653,0.49416369652781683,0.06894355657778174,0.01801053126334736,0.015424764642132278,2.995137397424534,ERA5-Land ARCO 2001-2025; interpolacion bilineal en centro de segmento
88,89,-28.892019063041975,-68.78923986933123,7.275110444015556,174.58751725576903,169.9757698653146,334.1412216546799,5.0159232739823505,2.2180515595741586,4.688045394598753,0.49746576653245783,0.07011906164507474,0.018391433668016027,0.015893322494102694,3.0544307316898256,ERA5-Land ARCO 2001-2025; interpolacion bilineal en centro de segmento
89,90,-28.883549565616377,-68.78812124239143,7.240309962215261,175.25398263507347,170.62734009827298,328.97071190569403,4.941749734712498,2.2428884776226248,4.7455399481371945,0.5007824790268649,0.07128609354858206,0.018769800773009573,0.016364869801255084,3.1139147372894462,ERA5-Land ARCO 2001-2025; interpolacion bilineal en centro de segmento
90,91,-28.874698622261473,-68.78886616660523,7.1995271635264615,176.24847829085024,171.59009490428758,322.71229849780354,4.853352852574127,2.272690783724173,4.821231414590323,0.5049303713094014,0.07273915704138863,0.0192156921973044,0.016917049525535136,3.1842843507134826,ERA5-Land ARCO 2001-2025; interpolacion bilineal en centro de segmento
91,92,-28.867638096870355,-68.79589070554502,7.126462263633121,178.58816180665906,173.8196399406421,314.799143312497,4.746762667871716,2.3091921710479353,4.935464987056685,0.5111193351801826,0.07493339650539269,0.019833183782537532,0.017653085604060186,3.2802524038856244,ERA5-Land ARCO 2001-2025; interpolacion bilineal en centro de segmento
92,93,-28.860422042748556,-68.8029077538217,6.978329706857927,182.2118413988607,177.05588752979125,306.73965868759217,4.633965572447855,2.341911228543789,5.0354833142797695,0.517535922570089,0.07831512720944392,0.02119024567580476,0.019258678544918473,3.450328038156371,ERA5-Land ARCO 2001-2025; interpolacion bilineal en centro de segmento
93,94,-28.852112020670525,-68.80827222574794,6.775297582600004,186.6739497273667,180.84021288018857,298.80490656883825,4.5188386492046675,2.371447187354102,5.117111889390415,0.5236893697744328,0.08265128614379622,0.023280116272932937,0.021720338565369132,3.6887228883570184,ERA5-Land ARCO 2001-2025; interpolacion bilineal en centro de segmento
94,95,-28.845371977656605,-68.8157144363647,6.516524973230805,192.46195906708536,185.62178657167067,291.15413897605447,4.407650875054854,2.397306282050513,5.1925619857438186,0.5299952569617539,0.08800895224267388,0.02608700355223363,0.02499897337073554,3.9925268954470488,ERA5-Land ARCO 2001-2025; interpolacion bilineal en centro de segmento
95,96,-28.83781922813356,-68.82201572368295,6.269832545444955,198.13975806877377,190.28421544874618,283.6475379284368,4.30130853717422,2.425257887316122,5.2719822314046745,0.536442246259457,0.09317731055008063,0.028859911562612788,0.02821512783964165,4.289918291783545,ERA5-Land ARCO 2001-2025; interpolacion bilineal en centro de segmento
96,97,-28.830850526214263,-68.82873378825195,6.004687266996363,204.34462094517312,195.31798754708177,276.50766918957106,4.201452112880916,2.4517270166462337,5.348480243428614,0.5429074715738116,0.09868619451970947,0.031935974168083935,0.03176425555725411,4.61250126856215,ERA5-Land ARCO 2001-2025; interpolacion bilineal en centro de segmento
97,98,-28.82507387228875,-68.83619351782203,5.718491273981317,211.10806595285874,200.7423236017885,269.9710555352481,4.110850648922918,2.4749407557777645,5.418002733330358,0.5491879753041666,0.10455710018982554,0.03533602525282239,0.03567321409561443,4.961505910840538,ERA5-Land ARCO 2001-2025; interpolacion bilineal en centro de segmento
98,99,-28.821479168964498,-68.84435413447392,5.426519097040458,218.01002324577195,206.22304124248024,264.61616251464727,4.036545743452885,2.491635367804376,5.47213541308289,0.5546824121465039,0.11044218497842798,0.03884752028689328,0.039704805861577055,5.315148400364503,ERA5-Land ARCO 2001-2025; interpolacion bilineal en centro de segmento
99,100,-28.82114592625152,-68.85337415295567,5.1443177658831925,224.56679243138126,211.39109240866173,260.92231733471834,3.983288859133596,2.498314681263195,5.502047977103564,0.5587544056238898,0.11598076971458568,0.04221424748597649,0.04357985954468174,5.648880381211107,ERA5-Land ARCO 2001-2025; interpolacion bilineal en centro de segmento
100,101,-28.822577333435746,-68.86289530017056,4.87189128560913,230.77690143882703,216.28094531789887,258.03393085679886,3.939273828457551,2.499529031278289,5.518675954880324,0.5619983370949994,0.12124069924995373,0.04540822100014422,0.047269786816886636,5.964260982626242,ERA5-Land ARCO 2001-2025; interpolacion bilineal en centro de segmento
101,102,-28.81989792873137,-68.87183978794073,4.555219518558564,238.32480871656657,222.22671350106998,253.0864011746563,3.871536975566319,2.513880607224848,5.568197250371083,0.5674686835989894,0.1275719529333476,0.04928423382036878,0.05170809671012337,6.349041192091104,ERA5-Land ARCO 2001-2025; interpolacion bilineal en centro de segmento
102,103,-28.81454526808111,-68.8794332725074,4.229705023212528,246.38209069276039,228.54438073437834,247.3218283539877,3.7973894595571682,2.5362939617513414,5.636694794794588,0.5741008487168661,0.13421594173415274,0.053440730667770796,0.056430286626099675,6.759602747547059,ERA5-Land ARCO 2001-2025; interpolacion bilineal en centro de segmento
103,104,-28.810408485424958,-68.88791655808002,3.8868303974927203,254.83184585227065,235.14561321239694,242.0045876206794,3.7290804357869125,2.555369044272515,5.698054846826896,0.5804934128368765,0.1411438217631336,0.05781860140015414,0.06140606279495752,7.188910718507656,ERA5-Land ARCO 2001-2025; interpolacion bilineal en centro de segmento
104,105,-28.803341929285907,-68.89294042740615,3.5937887470853007,262.4750374752586,241.07481469120245,236.57977255449174,3.665393577940822,2.5820698610981605,5.774331823835777,0.5873269096746908,0.14725048529114504,0.061805809612294954,0.06588696627924166,7.5769012227063435,ERA5-Land ARCO 2001-2025; interpolacion bilineal en centro de segmento
105,106,-28.795206823451036,-68.8946810804531,3.416939129532631,266.9646533569489,244.2426264422637,234.57637548409755,3.6465681434961192,2.5966586426703255,5.812792785825511,0.5910885100176458,0.1512189942873456,0.06486233907455843,0.0696267040591879,7.859479588708167,ERA5-Land ARCO 2001-2025; interpolacion bilineal en centro de segmento
106,107,-28.788417427903426,-68.90021810287551,3.1535746389269117,273.1779823632151,248.5606557330991,233.04673924771294,3.6299376145518947,2.6043627098010007,5.837433608575052,0.5945546107272491,0.15685096616188016,0.06924604379557192,0.07521761600706967,8.262495338248002,ERA5-Land ARCO 2001-2025; interpolacion bilineal en centro de segmento
107,108,-28.782461037253643,-68.90732304486059,3.0203862205175023,275.92967949674363,249.35997696954388,230.9732205314585,3.5921887575843323,2.622889256829194,5.87998079834114,0.595713492628619,0.16180127163888863,0.07487366376640568,0.08637828555207454,8.75760879108786,ERA5-Land ARCO 2001-2025; interpolacion bilineal en centro de segmento
108,109,-28.77723838014665,-68.91488541853734,2.8938917610473225,278.50204469455696,249.99844875493406,228.67799323851034,3.550482699123896,2.642550786428108,5.925221701836529,0.5967216478494474,0.16666932462335105,0.08049681828530234,0.09791457603152404,9.25558537501204,ERA5-Land ARCO 2001-2025; interpolacion bilineal en centro de segmento
109,110,-28.775611259897513,-68.92448231566176,2.7933939498814397,280.3979315807805,250.08830972145006,225.46605893716622,3.490218567404947,2.664806432690126,5.977768746430482,0.5972465589423586,0.17135653843422058,0.08616412588849032,0.11054041486976876,9.759676648897319,ERA5-Land ARCO 2001-2025; interpolacion bilineal en centro de segmento
110,111,-28.781224103177305,-68.9314719096188,2.7974735185859183,280.03657418972034,249.29415365862954,222.76976415046838,3.4360897434742084,2.676082744828205,6.006999325305434,0.5967355220005881,0.17290246696639708,0.08838529782721517,0.11674859793000064,9.954047920372695,ERA5-Land ARCO 2001-2025; interpolacion bilineal en centro de segmento
111,112,-28.787249140865363,-68.93777174172504,2.810326689807591,279.5126062377626,248.5061327907675,220.30958029672632,3.3857382890063374,2.6850160464072186,6.031048294801203,0.5962031452483547,0.17409644214092576,0.09015391911213781,0.12181551074436316,10.10512012126308,ERA5-Land ARCO 2001-2025; interpolacion bilineal en centro de segmento
112,113,-28.789751632119053,-68.94211350390088,2.7999115258689997,279.5884921969318,248.18600931504366,218.70665908239317,3.3534899658223476,2.6922180096408233,6.049525952457455,0.5960689065944378,0.17539162471665487,0.09184632344681501,0.12600274240046555,10.251293719296152,ERA5-Land ARCO 2001-2025; interpolacion bilineal en centro de segmento
113,114,-28.781656643840886,-68.944765476289,2.6875979049372387,282.0071558783287,249.1122186640064,218.19338097723315,3.348493641023604,2.704608904685994,6.07553964783215,0.5971463905454204,0.1787010695806962,0.09550728663242113,0.13298786652893013,10.584327699899168,ERA5-Land ARCO 2001-2025; interpolacion bilineal en centro de segmento
114,115,-28.7738914310583,-68.94154532202208,2.6295161994729574,283.42798856324043,250.0591170619726,219.67683505408786,3.3813929616273977,2.7039555335957797,6.070459201377385,0.5979807728628511,0.1793141867988537,0.09588086359870147,0.13255788773056476,10.62576697717222,ERA5-Land ARCO 2001-2025; interpolacion bilineal en centro de segmento
115,116,-28.76671003377172,-68.93693691335007,2.5882419111359574,284.5314595956636,250.99571532805888,221.6260637449166,3.422382699752283,2.699334297429468,6.056366100731662,0.5987451180066136,0.179215392207455,0.0953721025802577,0.1300509167398217,10.585838277309131,ERA5-Land ARCO 2001-2025; interpolacion bilineal en centro de segmento
116,117,-28.758436582165704,-68.93756158565793,2.490786566825069,286.6953484994241,251.9810168263246,221.82372239929032,3.4308768955215396,2.707275061895303,6.0717297437462445,0.5997936517558765,0.1816940999028121,0.09799138173766639,0.13457327202683056,10.825761568253043,ERA5-Land ARCO 2001-2025; interpolacion bilineal en centro de segmento
117,118,-28.752680498489898,-68.9432733196995,2.3811992083839737,288.9237346497506,252.51137480906547,220.11006206793354,3.4025014666867075,2.725357275684374,6.111976737414302,0.600593158082095,0.18562921563602117,0.10261029855203058,0.1444596218034977,11.24633612631775,ERA5-Land ARCO 2001-2025; interpolacion bilineal en centro de segmento
118,119,-28.751590409283224,-68.9533500753225,2.2893835134844687,290.5735475712201,252.34289086877823,216.62826836826667,3.338697310396033,2.7502339721622087,6.170072200895076,0.6008589608874335,0.19013659146140538,0.10824858503287835,0.15782982717374205,11.758306388858019,ERA5-Land ARCO 2001-2025; interpolacion bilineal en centro de segmento
119,120,-28.75024381562858,-68.96357924524642,2.1941831233905513,292.28982186394245,252.18195797378795,213.09799415355386,3.27433391821586,2.775875738456931,6.229776132121288,0.6011379416361411,0.1947512988863444,0.11402422172949978,0.17154994590098033,12.2839437654395,ERA5-Land ARCO 2001-2025; interpolacion bilineal en centro de segmento
120,121,-28.749851190643735,-68.97393107442117,2.108490407712666,293.7883898720433,251.9068853831808,209.47879419330053,3.2077148594936853,2.8010101285865057,6.288693732787795,0.6013043453498771,0.1991686263059088,0.11960492629180054,0.18498644688889868,12.791320033668484,ERA5-Land ARCO 2001-2025; interpolacion bilineal en centro de segmento
121,122,-28.74737681498886,-68.98357283896325,2.0076301873502302,295.64469823160505,251.83645923500578,206.18495293865297,3.1490181748110273,2.826807717938939,6.348013754548084,0.6016470605211575,0.20375536455637536,0.12533333499127242,0.198596526092692,13.316780399002534,ERA5-Land ARCO 2001-2025; interpolacion bilineal en centro de segmento
122,123,-28.73904183860759,-68.98630999964297,1.902895896496518,297.83658501062405,252.486856962809,205.52811856495964,3.1444950838361967,2.8427938184359904,6.380979943887707,0.6024215757844771,0.2067646862820866,0.12887820124920066,0.20642877360150058,13.657360539070979,ERA5-Land ARCO 2001-2025; interpolacion bilineal en centro de segmento
123,124,-28.73177894359822,-68.9924470047847,1.784565306387948,300.1883945562332,252.8702881941611,203.6092683182073,3.116337867133037,2.866425613164499,6.432201006567949,0.6030655508904379,0.21086203257757516,0.13390048266597374,0.21819773858681066,14.133838108113519,ERA5-Land ARCO 2001-2025; interpolacion bilineal en centro de segmento
124,125,-28.727947093076708,-69.00182476695971,1.7143879413123493,301.2326727699592,252.2266338463317,200.9362184633273,3.074445829518428,2.8924141120576987,6.489269478962171,0.6044272888420221,0.21520833303739367,0.139405188627761,0.23239613894804464,14.654754571130606,ERA5-Land ARCO 2001-2025; interpolacion bilineal en centro de segmento
125,126,-28.726488268987246,-69.01176638764002,1.8266560568232493,297.73822047818027,248.926276638128,200.38545305571876,3.0810448778312054,2.9067678535523536,6.514735915484773,0.6103705055622399,0.21824200418866246,0.1432418504704389,0.24566886303253666,15.034563659289201,ERA5-Land ARCO 2001-2025; interpolacion bilineal en centro de segmento
126,127,-28.728345259300287,-69.02167697454875,1.970031682286602,293.54832740427764,245.34964699623504,199.73434671324625,3.082573900246552,2.9168607138994673,6.532301081685277,0.6159635202972715,0.22051494936399707,0.14622180254836073,0.25708393410383396,15.328834914254402,ERA5-Land ARCO 2001-2025; interpolacion bilineal en centro de segmento
127,128,-28.73194695628492,-69.03120758379939,2.1242579524059133,289.1143419531214,241.71661745913354,199.06379944658897,3.0817133882501837,2.923987202199994,6.54447155066868,0.6210527085761534,0.22221493769618203,0.14857225768732102,0.26700568382151885,15.563113546299224,ERA5-Land ARCO 2001-2025; interpolacion bilineal en centro de segmento
128,129,-28.737627803133158,-69.03904729370808,2.275314906279646,284.8558662726142,238.42731342520145,198.4492974010202,3.077650851476039,2.925906363937269,6.5472833569033115,0.6247728510259914,0.2228634945861212,0.14971851284400067,0.27356867728366974,15.682163320553556,ERA5-Land ARCO 2001-2025; interpolacion bilineal en centro de segmento
129,130,-28.74462129013403,-69.04570525657572,2.422329735668612,280.74054125910175,235.37055959105749,197.88459921584064,3.071803556374457,2.924219287621693,6.543650886147301,0.6274916369869655,0.2227688375100639,0.1500306531639226,0.2778288005607439,15.722922679595882,ERA5-Land ARCO 2001-2025; interpolacion bilineal en centro de segmento
