segment_id,km_inicio,km_fin,observed_at_utc,ingested_at_utc,metric_name,metric_value,unit,evidence_type,fuente,source_version,uncertainty_lower,uncertainty_upper,quality_flag,is_simulated,simulation_scenario_id,notes
seg_000_001,0,1,2026-01-01T00:00:00Z,2026-02-02T00:00:00Z,demo_surface_condition_index,65.000,simulated_index_0_100,simulated,simulation:deterministic_change_control_demo,v0.1,63.000,67.000,simulated_demo_only,true,demo_change_control_v1,SIMULATED DEMO - NOT OPERATIONAL EVIDENCE
seg_000_001,0,1,2026-02-01T00:00:00Z,2026-02-02T00:00:00Z,demo_surface_condition_index,63.000,simulated_index_0_100,simulated,simulation:deterministic_change_control_demo,v0.1,60.000,66.000,simulated_demo_only,true,demo_change_control_v1,SIMULATED DEMO - NOT OPERATIONAL EVIDENCE
seg_001_002,1,2,2026-01-01T00:00:00Z,2026-02-02T00:00:00Z,demo_surface_condition_index,73.500,simulated_index_0_100,simulated,simulation:deterministic_change_control_demo,v0.1,71.500,75.500,simulated_demo_only,true,demo_change_control_v1,SIMULATED DEMO - NOT OPERATIONAL EVIDENCE
seg_001_002,1,2,2026-02-01T00:00:00Z,2026-02-02T00:00:00Z,demo_surface_condition_index,72.500,simulated_index_0_100,simulated,simulation:deterministic_change_control_demo,v0.1,69.500,75.500,simulated_demo_only,true,demo_change_control_v1,SIMULATED DEMO - NOT OPERATIONAL EVIDENCE
seg_002_003,2,3,2026-01-01T00:00:00Z,2026-02-02T00:00:00Z,demo_surface_condition_index,71.500,simulated_index_0_100,simulated,simulation:deterministic_change_control_demo,v0.1,69.500,73.500,simulated_demo_only,true,demo_change_control_v1,SIMULATED DEMO - NOT OPERATIONAL EVIDENCE
seg_002_003,2,3,2026-02-01T00:00:00Z,2026-02-02T00:00:00Z,demo_surface_condition_index,71.500,simulated_index_0_100,simulated,simulation:deterministic_change_control_demo,v0.1,68.500,74.500,simulated_demo_only,true,demo_change_control_v1,SIMULATED DEMO - NOT OPERATIONAL EVIDENCE
seg_003_004,3,4,2026-01-01T00:00:00Z,2026-02-02T00:00:00Z,demo_surface_condition_index,69.500,simulated_index_0_100,simulated,simulation:deterministic_change_control_demo,v0.1,67.500,71.500,simulated_demo_only,true,demo_change_control_v1,SIMULATED DEMO - NOT OPERATIONAL EVIDENCE
seg_003_004,3,4,2026-02-01T00:00:00Z,2026-02-02T00:00:00Z,demo_surface_condition_index,70.500,simulated_index_0_100,simulated,simulation:deterministic_change_control_demo,v0.1,67.500,73.500,simulated_demo_only,true,demo_change_control_v1,SIMULATED DEMO - NOT OPERATIONAL EVIDENCE
seg_004_005,4,5,2026-01-01T00:00:00Z,2026-02-02T00:00:00Z,demo_surface_condition_index,67.500,simulated_index_0_100,simulated,simulation:deterministic_change_control_demo,v0.1,65.500,69.500,simulated_demo_only,true,demo_change_control_v1,SIMULATED DEMO - NOT OPERATIONAL EVIDENCE
seg_004_005,4,5,2026-02-01T00:00:00Z,2026-02-02T00:00:00Z,demo_surface_condition_index,69.500,simulated_index_0_100,simulated,simulation:deterministic_change_control_demo,v0.1,66.500,72.500,simulated_demo_only,true,demo_change_control_v1,SIMULATED DEMO - NOT OPERATIONAL EVIDENCE
seg_005_006,5,6,2026-01-01T00:00:00Z,2026-02-02T00:00:00Z,demo_surface_condition_index,65.500,simulated_index_0_100,simulated,simulation:deterministic_change_control_demo,v0.1,63.500,67.500,simulated_demo_only,true,demo_change_control_v1,SIMULATED DEMO - NOT OPERATIONAL EVIDENCE
seg_005_006,5,6,2026-02-01T00:00:00Z,2026-02-02T00:00:00Z,demo_surface_condition_index,63.500,simulated_index_0_100,simulated,simulation:deterministic_change_control_demo,v0.1,60.500,66.500,simulated_demo_only,true,demo_change_control_v1,SIMULATED DEMO - NOT OPERATIONAL EVIDENCE
seg_006_007,6,7,2026-01-01T00:00:00Z,2026-02-02T00:00:00Z,demo_surface_condition_index,74.000,simulated_index_0_100,simulated,simulation:deterministic_change_control_demo,v0.1,72.000,76.000,simulated_demo_only,true,demo_change_control_v1,SIMULATED DEMO - NOT OPERATIONAL EVIDENCE
seg_006_007,6,7,2026-02-01T00:00:00Z,2026-02-02T00:00:00Z,demo_surface_condition_index,73.000,simulated_index_0_100,simulated,simulation:deterministic_change_control_demo,v0.1,70.000,76.000,simulated_demo_only,true,demo_change_control_v1,SIMULATED DEMO - NOT OPERATIONAL EVIDENCE
seg_007_008,7,8,2026-01-01T00:00:00Z,2026-02-02T00:00:00Z,demo_surface_condition_index,72.000,simulated_index_0_100,simulated,simulation:deterministic_change_control_demo,v0.1,70.000,74.000,simulated_demo_only,true,demo_change_control_v1,SIMULATED DEMO - NOT OPERATIONAL EVIDENCE
seg_007_008,7,8,2026-02-01T00:00:00Z,2026-02-02T00:00:00Z,demo_surface_condition_index,72.000,simulated_index_0_100,simulated,simulation:deterministic_change_control_demo,v0.1,69.000,75.000,simulated_demo_only,true,demo_change_control_v1,SIMULATED DEMO - NOT OPERATIONAL EVIDENCE
seg_008_009,8,9,2026-01-01T00:00:00Z,2026-02-02T00:00:00Z,demo_surface_condition_index,70.000,simulated_index_0_100,simulated,simulation:deterministic_change_control_demo,v0.1,68.000,72.000,simulated_demo_only,true,demo_change_control_v1,SIMULATED DEMO - NOT OPERATIONAL EVIDENCE
seg_008_009,8,9,2026-02-01T00:00:00Z,2026-02-02T00:00:00Z,demo_surface_condition_index,71.000,simulated_index_0_100,simulated,simulation:deterministic_change_control_demo,v0.1,68.000,74.000,simulated_demo_only,true,demo_change_control_v1,SIMULATED DEMO - NOT OPERATIONAL EVIDENCE
seg_009_010,9,10,2026-01-01T00:00:00Z,2026-02-02T00:00:00Z,demo_surface_condition_index,68.000,simulated_index_0_100,simulated,simulation:deterministic_change_control_demo,v0.1,66.000,70.000,simulated_demo_only,true,demo_change_control_v1,SIMULATED DEMO - NOT OPERATIONAL EVIDENCE
seg_009_010,9,10,2026-02-01T00:00:00Z,2026-02-02T00:00:00Z,demo_surface_condition_index,70.000,simulated_index_0_100,simulated,simulation:deterministic_change_control_demo,v0.1,67.000,73.000,simulated_demo_only,true,demo_change_control_v1,SIMULATED DEMO - NOT OPERATIONAL EVIDENCE
seg_010_011,10,11,2026-01-01T00:00:00Z,2026-02-02T00:00:00Z,demo_surface_condition_index,66.000,simulated_index_0_100,simulated,simulation:deterministic_change_control_demo,v0.1,64.000,68.000,simulated_demo_only,true,demo_change_control_v1,SIMULATED DEMO - NOT OPERATIONAL EVIDENCE
seg_010_011,10,11,2026-02-01T00:00:00Z,2026-02-02T00:00:00Z,demo_surface_condition_index,64.000,simulated_index_0_100,simulated,simulation:deterministic_change_control_demo,v0.1,61.000,67.000,simulated_demo_only,true,demo_change_control_v1,SIMULATED DEMO - NOT OPERATIONAL EVIDENCE
seg_011_012,11,12,2026-01-01T00:00:00Z,2026-02-02T00:00:00Z,demo_surface_condition_index,74.500,simulated_index_0_100,simulated,simulation:deterministic_change_control_demo,v0.1,72.500,76.500,simulated_demo_only,true,demo_change_control_v1,SIMULATED DEMO - NOT OPERATIONAL EVIDENCE
seg_011_012,11,12,2026-02-01T00:00:00Z,2026-02-02T00:00:00Z,demo_surface_condition_index,73.500,simulated_index_0_100,simulated,simulation:deterministic_change_control_demo,v0.1,70.500,76.500,simulated_demo_only,true,demo_change_control_v1,SIMULATED DEMO - NOT OPERATIONAL EVIDENCE
seg_012_013,12,13,2026-01-01T00:00:00Z,2026-02-02T00:00:00Z,demo_surface_condition_index,72.500,simulated_index_0_100,simulated,simulation:deterministic_change_control_demo,v0.1,70.500,74.500,simulated_demo_only,true,demo_change_control_v1,SIMULATED DEMO - NOT OPERATIONAL EVIDENCE
seg_012_013,12,13,2026-02-01T00:00:00Z,2026-02-02T00:00:00Z,demo_surface_condition_index,72.500,simulated_index_0_100,simulated,simulation:deterministic_change_control_demo,v0.1,69.500,75.500,simulated_demo_only,true,demo_change_control_v1,SIMULATED DEMO - NOT OPERATIONAL EVIDENCE
seg_013_014,13,14,2026-01-01T00:00:00Z,2026-02-02T00:00:00Z,demo_surface_condition_index,70.500,simulated_index_0_100,simulated,simulation:deterministic_change_control_demo,v0.1,68.500,72.500,simulated_demo_only,true,demo_change_control_v1,SIMULATED DEMO - NOT OPERATIONAL EVIDENCE
seg_013_014,13,14,2026-02-01T00:00:00Z,2026-02-02T00:00:00Z,demo_surface_condition_index,71.500,simulated_index_0_100,simulated,simulation:deterministic_change_control_demo,v0.1,68.500,74.500,simulated_demo_only,true,demo_change_control_v1,SIMULATED DEMO - NOT OPERATIONAL EVIDENCE
seg_014_015,14,15,2026-01-01T00:00:00Z,2026-02-02T00:00:00Z,demo_surface_condition_index,68.500,simulated_index_0_100,simulated,simulation:deterministic_change_control_demo,v0.1,66.500,70.500,simulated_demo_only,true,demo_change_control_v1,SIMULATED DEMO - NOT OPERATIONAL EVIDENCE
seg_014_015,14,15,2026-02-01T00:00:00Z,2026-02-02T00:00:00Z,demo_surface_condition_index,70.500,simulated_index_0_100,simulated,simulation:deterministic_change_control_demo,v0.1,67.500,73.500,simulated_demo_only,true,demo_change_control_v1,SIMULATED DEMO - NOT OPERATIONAL EVIDENCE
seg_015_016,15,16,2026-01-01T00:00:00Z,2026-02-02T00:00:00Z,demo_surface_condition_index,66.500,simulated_index_0_100,simulated,simulation:deterministic_change_control_demo,v0.1,64.500,68.500,simulated_demo_only,true,demo_change_control_v1,SIMULATED DEMO - NOT OPERATIONAL EVIDENCE
seg_015_016,15,16,2026-02-01T00:00:00Z,2026-02-02T00:00:00Z,demo_surface_condition_index,64.500,simulated_index_0_100,simulated,simulation:deterministic_change_control_demo,v0.1,61.500,67.500,simulated_demo_only,true,demo_change_control_v1,SIMULATED DEMO - NOT OPERATIONAL EVIDENCE
seg_016_017,16,17,2026-01-01T00:00:00Z,2026-02-02T00:00:00Z,demo_surface_condition_index,75.000,simulated_index_0_100,simulated,simulation:deterministic_change_control_demo,v0.1,73.000,77.000,simulated_demo_only,true,demo_change_control_v1,SIMULATED DEMO - NOT OPERATIONAL EVIDENCE
seg_016_017,16,17,2026-02-01T00:00:00Z,2026-02-02T00:00:00Z,demo_surface_condition_index,74.000,simulated_index_0_100,simulated,simulation:deterministic_change_control_demo,v0.1,71.000,77.000,simulated_demo_only,true,demo_change_control_v1,SIMULATED DEMO - NOT OPERATIONAL EVIDENCE
seg_017_018,17,18,2026-01-01T00:00:00Z,2026-02-02T00:00:00Z,demo_surface_condition_index,73.000,simulated_index_0_100,simulated,simulation:deterministic_change_control_demo,v0.1,71.000,75.000,simulated_demo_only,true,demo_change_control_v1,SIMULATED DEMO - NOT OPERATIONAL EVIDENCE
seg_017_018,17,18,2026-02-01T00:00:00Z,2026-02-02T00:00:00Z,demo_surface_condition_index,73.000,simulated_index_0_100,simulated,simulation:deterministic_change_control_demo,v0.1,70.000,76.000,simulated_demo_only,true,demo_change_control_v1,SIMULATED DEMO - NOT OPERATIONAL EVIDENCE
seg_018_019,18,19,2026-01-01T00:00:00Z,2026-02-02T00:00:00Z,demo_surface_condition_index,71.000,simulated_index_0_100,simulated,simulation:deterministic_change_control_demo,v0.1,69.000,73.000,simulated_demo_only,true,demo_change_control_v1,SIMULATED DEMO - NOT OPERATIONAL EVIDENCE
seg_018_019,18,19,2026-02-01T00:00:00Z,2026-02-02T00:00:00Z,demo_surface_condition_index,72.000,simulated_index_0_100,simulated,simulation:deterministic_change_control_demo,v0.1,69.000,75.000,simulated_demo_only,true,demo_change_control_v1,SIMULATED DEMO - NOT OPERATIONAL EVIDENCE
seg_019_020,19,20,2026-01-01T00:00:00Z,2026-02-02T00:00:00Z,demo_surface_condition_index,69.000,simulated_index_0_100,simulated,simulation:deterministic_change_control_demo,v0.1,67.000,71.000,simulated_demo_only,true,demo_change_control_v1,SIMULATED DEMO - NOT OPERATIONAL EVIDENCE
seg_019_020,19,20,2026-02-01T00:00:00Z,2026-02-02T00:00:00Z,demo_surface_condition_index,71.000,simulated_index_0_100,simulated,simulation:deterministic_change_control_demo,v0.1,68.000,74.000,simulated_demo_only,true,demo_change_control_v1,SIMULATED DEMO - NOT OPERATIONAL EVIDENCE
seg_020_021,20,21,2026-01-01T00:00:00Z,2026-02-02T00:00:00Z,demo_surface_condition_index,67.000,simulated_index_0_100,simulated,simulation:deterministic_change_control_demo,v0.1,65.000,69.000,simulated_demo_only,true,demo_change_control_v1,SIMULATED DEMO - NOT OPERATIONAL EVIDENCE
seg_020_021,20,21,2026-02-01T00:00:00Z,2026-02-02T00:00:00Z,demo_surface_condition_index,55.000,simulated_index_0_100,simulated,simulation:deterministic_change_control_demo,v0.1,52.000,58.000,simulated_demo_only,true,demo_change_control_v1,SIMULATED DEMO - NOT OPERATIONAL EVIDENCE
seg_021_022,21,22,2026-01-01T00:00:00Z,2026-02-02T00:00:00Z,demo_surface_condition_index,65.000,simulated_index_0_100,simulated,simulation:deterministic_change_control_demo,v0.1,63.000,67.000,simulated_demo_only,true,demo_change_control_v1,SIMULATED DEMO - NOT OPERATIONAL EVIDENCE
seg_021_022,21,22,2026-02-01T00:00:00Z,2026-02-02T00:00:00Z,demo_surface_condition_index,53.000,simulated_index_0_100,simulated,simulation:deterministic_change_control_demo,v0.1,50.000,56.000,simulated_demo_only,true,demo_change_control_v1,SIMULATED DEMO - NOT OPERATIONAL EVIDENCE
seg_022_023,22,23,2026-01-01T00:00:00Z,2026-02-02T00:00:00Z,demo_surface_condition_index,73.500,simulated_index_0_100,simulated,simulation:deterministic_change_control_demo,v0.1,71.500,75.500,simulated_demo_only,true,demo_change_control_v1,SIMULATED DEMO - NOT OPERATIONAL EVIDENCE
seg_022_023,22,23,2026-02-01T00:00:00Z,2026-02-02T00:00:00Z,demo_surface_condition_index,61.500,simulated_index_0_100,simulated,simulation:deterministic_change_control_demo,v0.1,58.500,64.500,simulated_demo_only,true,demo_change_control_v1,SIMULATED DEMO - NOT OPERATIONAL EVIDENCE
seg_023_024,23,24,2026-01-01T00:00:00Z,2026-02-02T00:00:00Z,demo_surface_condition_index,71.500,simulated_index_0_100,simulated,simulation:deterministic_change_control_demo,v0.1,69.500,73.500,simulated_demo_only,true,demo_change_control_v1,SIMULATED DEMO - NOT OPERATIONAL EVIDENCE
seg_023_024,23,24,2026-02-01T00:00:00Z,2026-02-02T00:00:00Z,demo_surface_condition_index,59.500,simulated_index_0_100,simulated,simulation:deterministic_change_control_demo,v0.1,56.500,62.500,simulated_demo_only,true,demo_change_control_v1,SIMULATED DEMO - NOT OPERATIONAL EVIDENCE
seg_024_025,24,25,2026-01-01T00:00:00Z,2026-02-02T00:00:00Z,demo_surface_condition_index,69.500,simulated_index_0_100,simulated,simulation:deterministic_change_control_demo,v0.1,67.500,71.500,simulated_demo_only,true,demo_change_control_v1,SIMULATED DEMO - NOT OPERATIONAL EVIDENCE
seg_024_025,24,25,2026-02-01T00:00:00Z,2026-02-02T00:00:00Z,demo_surface_condition_index,57.500,simulated_index_0_100,simulated,simulation:deterministic_change_control_demo,v0.1,54.500,60.500,simulated_demo_only,true,demo_change_control_v1,SIMULATED DEMO - NOT OPERATIONAL EVIDENCE
seg_025_026,25,26,2026-01-01T00:00:00Z,2026-02-02T00:00:00Z,demo_surface_condition_index,67.500,simulated_index_0_100,simulated,simulation:deterministic_change_control_demo,v0.1,65.500,69.500,simulated_demo_only,true,demo_change_control_v1,SIMULATED DEMO - NOT OPERATIONAL EVIDENCE
seg_025_026,25,26,2026-02-01T00:00:00Z,2026-02-02T00:00:00Z,demo_surface_condition_index,55.500,simulated_index_0_100,simulated,simulation:deterministic_change_control_demo,v0.1,52.500,58.500,simulated_demo_only,true,demo_change_control_v1,SIMULATED DEMO - NOT OPERATIONAL EVIDENCE
seg_026_027,26,27,2026-01-01T00:00:00Z,2026-02-02T00:00:00Z,demo_surface_condition_index,65.500,simulated_index_0_100,simulated,simulation:deterministic_change_control_demo,v0.1,63.500,67.500,simulated_demo_only,true,demo_change_control_v1,SIMULATED DEMO - NOT OPERATIONAL EVIDENCE
seg_026_027,26,27,2026-02-01T00:00:00Z,2026-02-02T00:00:00Z,demo_surface_condition_index,53.500,simulated_index_0_100,simulated,simulation:deterministic_change_control_demo,v0.1,50.500,56.500,simulated_demo_only,true,demo_change_control_v1,SIMULATED DEMO - NOT OPERATIONAL EVIDENCE
seg_027_028,27,28,2026-01-01T00:00:00Z,2026-02-02T00:00:00Z,demo_surface_condition_index,74.000,simulated_index_0_100,simulated,simulation:deterministic_change_control_demo,v0.1,72.000,76.000,simulated_demo_only,true,demo_change_control_v1,SIMULATED DEMO - NOT OPERATIONAL EVIDENCE
seg_027_028,27,28,2026-02-01T00:00:00Z,2026-02-02T00:00:00Z,demo_surface_condition_index,62.000,simulated_index_0_100,simulated,simulation:deterministic_change_control_demo,v0.1,59.000,65.000,simulated_demo_only,true,demo_change_control_v1,SIMULATED DEMO - NOT OPERATIONAL EVIDENCE
seg_028_029,28,29,2026-01-01T00:00:00Z,2026-02-02T00:00:00Z,demo_surface_condition_index,72.000,simulated_index_0_100,simulated,simulation:deterministic_change_control_demo,v0.1,70.000,74.000,simulated_demo_only,true,demo_change_control_v1,SIMULATED DEMO - NOT OPERATIONAL EVIDENCE
seg_028_029,28,29,2026-02-01T00:00:00Z,2026-02-02T00:00:00Z,demo_surface_condition_index,60.000,simulated_index_0_100,simulated,simulation:deterministic_change_control_demo,v0.1,57.000,63.000,simulated_demo_only,true,demo_change_control_v1,SIMULATED DEMO - NOT OPERATIONAL EVIDENCE
seg_029_030,29,30,2026-01-01T00:00:00Z,2026-02-02T00:00:00Z,demo_surface_condition_index,70.000,simulated_index_0_100,simulated,simulation:deterministic_change_control_demo,v0.1,68.000,72.000,simulated_demo_only,true,demo_change_control_v1,SIMULATED DEMO - NOT OPERATIONAL EVIDENCE
seg_029_030,29,30,2026-02-01T00:00:00Z,2026-02-02T00:00:00Z,demo_surface_condition_index,58.000,simulated_index_0_100,simulated,simulation:deterministic_change_control_demo,v0.1,55.000,61.000,simulated_demo_only,true,demo_change_control_v1,SIMULATED DEMO - NOT OPERATIONAL EVIDENCE
seg_030_031,30,31,2026-01-01T00:00:00Z,2026-02-02T00:00:00Z,demo_surface_condition_index,68.000,simulated_index_0_100,simulated,simulation:deterministic_change_control_demo,v0.1,66.000,70.000,simulated_demo_only,true,demo_change_control_v1,SIMULATED DEMO - NOT OPERATIONAL EVIDENCE
seg_030_031,30,31,2026-02-01T00:00:00Z,2026-02-02T00:00:00Z,demo_surface_condition_index,66.000,simulated_index_0_100,simulated,simulation:deterministic_change_control_demo,v0.1,63.000,69.000,simulated_demo_only,true,demo_change_control_v1,SIMULATED DEMO - NOT OPERATIONAL EVIDENCE
seg_031_032,31,32,2026-01-01T00:00:00Z,2026-02-02T00:00:00Z,demo_surface_condition_index,66.000,simulated_index_0_100,simulated,simulation:deterministic_change_control_demo,v0.1,64.000,68.000,simulated_demo_only,true,demo_change_control_v1,SIMULATED DEMO - NOT OPERATIONAL EVIDENCE
seg_031_032,31,32,2026-02-01T00:00:00Z,2026-02-02T00:00:00Z,demo_surface_condition_index,65.000,simulated_index_0_100,simulated,simulation:deterministic_change_control_demo,v0.1,62.000,68.000,simulated_demo_only,true,demo_change_control_v1,SIMULATED DEMO - NOT OPERATIONAL EVIDENCE
seg_032_033,32,33,2026-01-01T00:00:00Z,2026-02-02T00:00:00Z,demo_surface_condition_index,74.500,simulated_index_0_100,simulated,simulation:deterministic_change_control_demo,v0.1,72.500,76.500,simulated_demo_only,true,demo_change_control_v1,SIMULATED DEMO - NOT OPERATIONAL EVIDENCE
seg_032_033,32,33,2026-02-01T00:00:00Z,2026-02-02T00:00:00Z,demo_surface_condition_index,74.500,simulated_index_0_100,simulated,simulation:deterministic_change_control_demo,v0.1,71.500,77.500,simulated_demo_only,true,demo_change_control_v1,SIMULATED DEMO - NOT OPERATIONAL EVIDENCE
seg_033_034,33,34,2026-01-01T00:00:00Z,2026-02-02T00:00:00Z,demo_surface_condition_index,72.500,simulated_index_0_100,simulated,simulation:deterministic_change_control_demo,v0.1,70.500,74.500,simulated_demo_only,true,demo_change_control_v1,SIMULATED DEMO - NOT OPERATIONAL EVIDENCE
seg_033_034,33,34,2026-02-01T00:00:00Z,2026-02-02T00:00:00Z,demo_surface_condition_index,73.500,simulated_index_0_100,simulated,simulation:deterministic_change_control_demo,v0.1,70.500,76.500,simulated_demo_only,true,demo_change_control_v1,SIMULATED DEMO - NOT OPERATIONAL EVIDENCE
seg_034_035,34,35,2026-01-01T00:00:00Z,2026-02-02T00:00:00Z,demo_surface_condition_index,70.500,simulated_index_0_100,simulated,simulation:deterministic_change_control_demo,v0.1,68.500,72.500,simulated_demo_only,true,demo_change_control_v1,SIMULATED DEMO - NOT OPERATIONAL EVIDENCE
seg_034_035,34,35,2026-02-01T00:00:00Z,2026-02-02T00:00:00Z,demo_surface_condition_index,72.500,simulated_index_0_100,simulated,simulation:deterministic_change_control_demo,v0.1,69.500,75.500,simulated_demo_only,true,demo_change_control_v1,SIMULATED DEMO - NOT OPERATIONAL EVIDENCE
seg_035_036,35,36,2026-01-01T00:00:00Z,2026-02-02T00:00:00Z,demo_surface_condition_index,68.500,simulated_index_0_100,simulated,simulation:deterministic_change_control_demo,v0.1,66.500,70.500,simulated_demo_only,true,demo_change_control_v1,SIMULATED DEMO - NOT OPERATIONAL EVIDENCE
seg_035_036,35,36,2026-02-01T00:00:00Z,2026-02-02T00:00:00Z,demo_surface_condition_index,66.500,simulated_index_0_100,simulated,simulation:deterministic_change_control_demo,v0.1,63.500,69.500,simulated_demo_only,true,demo_change_control_v1,SIMULATED DEMO - NOT OPERATIONAL EVIDENCE
seg_036_037,36,37,2026-01-01T00:00:00Z,2026-02-02T00:00:00Z,demo_surface_condition_index,66.500,simulated_index_0_100,simulated,simulation:deterministic_change_control_demo,v0.1,64.500,68.500,simulated_demo_only,true,demo_change_control_v1,SIMULATED DEMO - NOT OPERATIONAL EVIDENCE
seg_036_037,36,37,2026-02-01T00:00:00Z,2026-02-02T00:00:00Z,demo_surface_condition_index,65.500,simulated_index_0_100,simulated,simulation:deterministic_change_control_demo,v0.1,62.500,68.500,simulated_demo_only,true,demo_change_control_v1,SIMULATED DEMO - NOT OPERATIONAL EVIDENCE
seg_037_038,37,38,2026-01-01T00:00:00Z,2026-02-02T00:00:00Z,demo_surface_condition_index,75.000,simulated_index_0_100,simulated,simulation:deterministic_change_control_demo,v0.1,73.000,77.000,simulated_demo_only,true,demo_change_control_v1,SIMULATED DEMO - NOT OPERATIONAL EVIDENCE
seg_037_038,37,38,2026-02-01T00:00:00Z,2026-02-02T00:00:00Z,demo_surface_condition_index,75.000,simulated_index_0_100,simulated,simulation:deterministic_change_control_demo,v0.1,72.000,78.000,simulated_demo_only,true,demo_change_control_v1,SIMULATED DEMO - NOT OPERATIONAL EVIDENCE
seg_038_039,38,39,2026-01-01T00:00:00Z,2026-02-02T00:00:00Z,demo_surface_condition_index,73.000,simulated_index_0_100,simulated,simulation:deterministic_change_control_demo,v0.1,71.000,75.000,simulated_demo_only,true,demo_change_control_v1,SIMULATED DEMO - NOT OPERATIONAL EVIDENCE
seg_038_039,38,39,2026-02-01T00:00:00Z,2026-02-02T00:00:00Z,demo_surface_condition_index,74.000,simulated_index_0_100,simulated,simulation:deterministic_change_control_demo,v0.1,71.000,77.000,simulated_demo_only,true,demo_change_control_v1,SIMULATED DEMO - NOT OPERATIONAL EVIDENCE
seg_039_040,39,40,2026-01-01T00:00:00Z,2026-02-02T00:00:00Z,demo_surface_condition_index,71.000,simulated_index_0_100,simulated,simulation:deterministic_change_control_demo,v0.1,69.000,73.000,simulated_demo_only,true,demo_change_control_v1,SIMULATED DEMO - NOT OPERATIONAL EVIDENCE
seg_039_040,39,40,2026-02-01T00:00:00Z,2026-02-02T00:00:00Z,demo_surface_condition_index,73.000,simulated_index_0_100,simulated,simulation:deterministic_change_control_demo,v0.1,70.000,76.000,simulated_demo_only,true,demo_change_control_v1,SIMULATED DEMO - NOT OPERATIONAL EVIDENCE
seg_040_041,40,41,2026-01-01T00:00:00Z,2026-02-02T00:00:00Z,demo_surface_condition_index,69.000,simulated_index_0_100,simulated,simulation:deterministic_change_control_demo,v0.1,67.000,71.000,simulated_demo_only,true,demo_change_control_v1,SIMULATED DEMO - NOT OPERATIONAL EVIDENCE
seg_040_041,40,41,2026-02-01T00:00:00Z,2026-02-02T00:00:00Z,demo_surface_condition_index,67.000,simulated_index_0_100,simulated,simulation:deterministic_change_control_demo,v0.1,64.000,70.000,simulated_demo_only,true,demo_change_control_v1,SIMULATED DEMO - NOT OPERATIONAL EVIDENCE
seg_041_042,41,42,2026-01-01T00:00:00Z,2026-02-02T00:00:00Z,demo_surface_condition_index,67.000,simulated_index_0_100,simulated,simulation:deterministic_change_control_demo,v0.1,65.000,69.000,simulated_demo_only,true,demo_change_control_v1,SIMULATED DEMO - NOT OPERATIONAL EVIDENCE
seg_041_042,41,42,2026-02-01T00:00:00Z,2026-02-02T00:00:00Z,demo_surface_condition_index,66.000,simulated_index_0_100,simulated,simulation:deterministic_change_control_demo,v0.1,63.000,69.000,simulated_demo_only,true,demo_change_control_v1,SIMULATED DEMO - NOT OPERATIONAL EVIDENCE
seg_042_043,42,43,2026-01-01T00:00:00Z,2026-02-02T00:00:00Z,demo_surface_condition_index,65.000,simulated_index_0_100,simulated,simulation:deterministic_change_control_demo,v0.1,63.000,67.000,simulated_demo_only,true,demo_change_control_v1,SIMULATED DEMO - NOT OPERATIONAL EVIDENCE
seg_042_043,42,43,2026-02-01T00:00:00Z,2026-02-02T00:00:00Z,demo_surface_condition_index,65.000,simulated_index_0_100,simulated,simulation:deterministic_change_control_demo,v0.1,62.000,68.000,simulated_demo_only,true,demo_change_control_v1,SIMULATED DEMO - NOT OPERATIONAL EVIDENCE
seg_043_044,43,44,2026-01-01T00:00:00Z,2026-02-02T00:00:00Z,demo_surface_condition_index,73.500,simulated_index_0_100,simulated,simulation:deterministic_change_control_demo,v0.1,71.500,75.500,simulated_demo_only,true,demo_change_control_v1,SIMULATED DEMO - NOT OPERATIONAL EVIDENCE
seg_043_044,43,44,2026-02-01T00:00:00Z,2026-02-02T00:00:00Z,demo_surface_condition_index,74.500,simulated_index_0_100,simulated,simulation:deterministic_change_control_demo,v0.1,71.500,77.500,simulated_demo_only,true,demo_change_control_v1,SIMULATED DEMO - NOT OPERATIONAL EVIDENCE
seg_044_045,44,45,2026-01-01T00:00:00Z,2026-02-02T00:00:00Z,demo_surface_condition_index,71.500,simulated_index_0_100,simulated,simulation:deterministic_change_control_demo,v0.1,69.500,73.500,simulated_demo_only,true,demo_change_control_v1,SIMULATED DEMO - NOT OPERATIONAL EVIDENCE
seg_044_045,44,45,2026-02-01T00:00:00Z,2026-02-02T00:00:00Z,demo_surface_condition_index,73.500,simulated_index_0_100,simulated,simulation:deterministic_change_control_demo,v0.1,70.500,76.500,simulated_demo_only,true,demo_change_control_v1,SIMULATED DEMO - NOT OPERATIONAL EVIDENCE
seg_045_046,45,46,2026-01-01T00:00:00Z,2026-02-02T00:00:00Z,demo_surface_condition_index,69.500,simulated_index_0_100,simulated,simulation:deterministic_change_control_demo,v0.1,67.500,71.500,simulated_demo_only,true,demo_change_control_v1,SIMULATED DEMO - NOT OPERATIONAL EVIDENCE
seg_045_046,45,46,2026-02-01T00:00:00Z,2026-02-02T00:00:00Z,demo_surface_condition_index,67.500,simulated_index_0_100,simulated,simulation:deterministic_change_control_demo,v0.1,64.500,70.500,simulated_demo_only,true,demo_change_control_v1,SIMULATED DEMO - NOT OPERATIONAL EVIDENCE
seg_046_047,46,47,2026-01-01T00:00:00Z,2026-02-02T00:00:00Z,demo_surface_condition_index,67.500,simulated_index_0_100,simulated,simulation:deterministic_change_control_demo,v0.1,65.500,69.500,simulated_demo_only,true,demo_change_control_v1,SIMULATED DEMO - NOT OPERATIONAL EVIDENCE
seg_046_047,46,47,2026-02-01T00:00:00Z,2026-02-02T00:00:00Z,demo_surface_condition_index,66.500,simulated_index_0_100,simulated,simulation:deterministic_change_control_demo,v0.1,63.500,69.500,simulated_demo_only,true,demo_change_control_v1,SIMULATED DEMO - NOT OPERATIONAL EVIDENCE
seg_047_048,47,48,2026-01-01T00:00:00Z,2026-02-02T00:00:00Z,demo_surface_condition_index,65.500,simulated_index_0_100,simulated,simulation:deterministic_change_control_demo,v0.1,63.500,67.500,simulated_demo_only,true,demo_change_control_v1,SIMULATED DEMO - NOT OPERATIONAL EVIDENCE
seg_047_048,47,48,2026-02-01T00:00:00Z,2026-02-02T00:00:00Z,demo_surface_condition_index,65.500,simulated_index_0_100,simulated,simulation:deterministic_change_control_demo,v0.1,62.500,68.500,simulated_demo_only,true,demo_change_control_v1,SIMULATED DEMO - NOT OPERATIONAL EVIDENCE
seg_048_049,48,49,2026-01-01T00:00:00Z,2026-02-02T00:00:00Z,demo_surface_condition_index,74.000,simulated_index_0_100,simulated,simulation:deterministic_change_control_demo,v0.1,72.000,76.000,simulated_demo_only,true,demo_change_control_v1,SIMULATED DEMO - NOT OPERATIONAL EVIDENCE
seg_048_049,48,49,2026-02-01T00:00:00Z,2026-02-02T00:00:00Z,demo_surface_condition_index,75.000,simulated_index_0_100,simulated,simulation:deterministic_change_control_demo,v0.1,72.000,78.000,simulated_demo_only,true,demo_change_control_v1,SIMULATED DEMO - NOT OPERATIONAL EVIDENCE
seg_049_050,49,50,2026-01-01T00:00:00Z,2026-02-02T00:00:00Z,demo_surface_condition_index,72.000,simulated_index_0_100,simulated,simulation:deterministic_change_control_demo,v0.1,70.000,74.000,simulated_demo_only,true,demo_change_control_v1,SIMULATED DEMO - NOT OPERATIONAL EVIDENCE
seg_049_050,49,50,2026-02-01T00:00:00Z,2026-02-02T00:00:00Z,demo_surface_condition_index,74.000,simulated_index_0_100,simulated,simulation:deterministic_change_control_demo,v0.1,71.000,77.000,simulated_demo_only,true,demo_change_control_v1,SIMULATED DEMO - NOT OPERATIONAL EVIDENCE
seg_050_051,50,51,2026-01-01T00:00:00Z,2026-02-02T00:00:00Z,demo_surface_condition_index,70.000,simulated_index_0_100,simulated,simulation:deterministic_change_control_demo,v0.1,68.000,72.000,simulated_demo_only,true,demo_change_control_v1,SIMULATED DEMO - NOT OPERATIONAL EVIDENCE
seg_050_051,50,51,2026-02-01T00:00:00Z,2026-02-02T00:00:00Z,demo_surface_condition_index,68.000,simulated_index_0_100,simulated,simulation:deterministic_change_control_demo,v0.1,65.000,71.000,simulated_demo_only,true,demo_change_control_v1,SIMULATED DEMO - NOT OPERATIONAL EVIDENCE
seg_051_052,51,52,2026-01-01T00:00:00Z,2026-02-02T00:00:00Z,demo_surface_condition_index,68.000,simulated_index_0_100,simulated,simulation:deterministic_change_control_demo,v0.1,66.000,70.000,simulated_demo_only,true,demo_change_control_v1,SIMULATED DEMO - NOT OPERATIONAL EVIDENCE
seg_051_052,51,52,2026-02-01T00:00:00Z,2026-02-02T00:00:00Z,demo_surface_condition_index,67.000,simulated_index_0_100,simulated,simulation:deterministic_change_control_demo,v0.1,64.000,70.000,simulated_demo_only,true,demo_change_control_v1,SIMULATED DEMO - NOT OPERATIONAL EVIDENCE
seg_052_053,52,53,2026-01-01T00:00:00Z,2026-02-02T00:00:00Z,demo_surface_condition_index,66.000,simulated_index_0_100,simulated,simulation:deterministic_change_control_demo,v0.1,64.000,68.000,simulated_demo_only,true,demo_change_control_v1,SIMULATED DEMO - NOT OPERATIONAL EVIDENCE
seg_052_053,52,53,2026-02-01T00:00:00Z,2026-02-02T00:00:00Z,demo_surface_condition_index,66.000,simulated_index_0_100,simulated,simulation:deterministic_change_control_demo,v0.1,63.000,69.000,simulated_demo_only,true,demo_change_control_v1,SIMULATED DEMO - NOT OPERATIONAL EVIDENCE
seg_053_054,53,54,2026-01-01T00:00:00Z,2026-02-02T00:00:00Z,demo_surface_condition_index,74.500,simulated_index_0_100,simulated,simulation:deterministic_change_control_demo,v0.1,72.500,76.500,simulated_demo_only,true,demo_change_control_v1,SIMULATED DEMO - NOT OPERATIONAL EVIDENCE
seg_053_054,53,54,2026-02-01T00:00:00Z,2026-02-02T00:00:00Z,demo_surface_condition_index,75.500,simulated_index_0_100,simulated,simulation:deterministic_change_control_demo,v0.1,72.500,78.500,simulated_demo_only,true,demo_change_control_v1,SIMULATED DEMO - NOT OPERATIONAL EVIDENCE
seg_054_055,54,55,2026-01-01T00:00:00Z,2026-02-02T00:00:00Z,demo_surface_condition_index,72.500,simulated_index_0_100,simulated,simulation:deterministic_change_control_demo,v0.1,70.500,74.500,simulated_demo_only,true,demo_change_control_v1,SIMULATED DEMO - NOT OPERATIONAL EVIDENCE
seg_054_055,54,55,2026-02-01T00:00:00Z,2026-02-02T00:00:00Z,demo_surface_condition_index,74.500,simulated_index_0_100,simulated,simulation:deterministic_change_control_demo,v0.1,71.500,77.500,simulated_demo_only,true,demo_change_control_v1,SIMULATED DEMO - NOT OPERATIONAL EVIDENCE
seg_055_056,55,56,2026-01-01T00:00:00Z,2026-02-02T00:00:00Z,demo_surface_condition_index,70.500,simulated_index_0_100,simulated,simulation:deterministic_change_control_demo,v0.1,68.500,72.500,simulated_demo_only,true,demo_change_control_v1,SIMULATED DEMO - NOT OPERATIONAL EVIDENCE
seg_055_056,55,56,2026-02-01T00:00:00Z,2026-02-02T00:00:00Z,demo_surface_condition_index,68.500,simulated_index_0_100,simulated,simulation:deterministic_change_control_demo,v0.1,65.500,71.500,simulated_demo_only,true,demo_change_control_v1,SIMULATED DEMO - NOT OPERATIONAL EVIDENCE
seg_056_057,56,57,2026-01-01T00:00:00Z,2026-02-02T00:00:00Z,demo_surface_condition_index,68.500,simulated_index_0_100,simulated,simulation:deterministic_change_control_demo,v0.1,66.500,70.500,simulated_demo_only,true,demo_change_control_v1,SIMULATED DEMO - NOT OPERATIONAL EVIDENCE
seg_056_057,56,57,2026-02-01T00:00:00Z,2026-02-02T00:00:00Z,demo_surface_condition_index,67.500,simulated_index_0_100,simulated,simulation:deterministic_change_control_demo,v0.1,64.500,70.500,simulated_demo_only,true,demo_change_control_v1,SIMULATED DEMO - NOT OPERATIONAL EVIDENCE
seg_057_058,57,58,2026-01-01T00:00:00Z,2026-02-02T00:00:00Z,demo_surface_condition_index,66.500,simulated_index_0_100,simulated,simulation:deterministic_change_control_demo,v0.1,64.500,68.500,simulated_demo_only,true,demo_change_control_v1,SIMULATED DEMO - NOT OPERATIONAL EVIDENCE
seg_057_058,57,58,2026-02-01T00:00:00Z,2026-02-02T00:00:00Z,demo_surface_condition_index,66.500,simulated_index_0_100,simulated,simulation:deterministic_change_control_demo,v0.1,63.500,69.500,simulated_demo_only,true,demo_change_control_v1,SIMULATED DEMO - NOT OPERATIONAL EVIDENCE
seg_058_059,58,59,2026-01-01T00:00:00Z,2026-02-02T00:00:00Z,demo_surface_condition_index,75.000,simulated_index_0_100,simulated,simulation:deterministic_change_control_demo,v0.1,73.000,77.000,simulated_demo_only,true,demo_change_control_v1,SIMULATED DEMO - NOT OPERATIONAL EVIDENCE
seg_058_059,58,59,2026-02-01T00:00:00Z,2026-02-02T00:00:00Z,demo_surface_condition_index,76.000,simulated_index_0_100,simulated,simulation:deterministic_change_control_demo,v0.1,73.000,79.000,simulated_demo_only,true,demo_change_control_v1,SIMULATED DEMO - NOT OPERATIONAL EVIDENCE
seg_059_060,59,60,2026-01-01T00:00:00Z,2026-02-02T00:00:00Z,demo_surface_condition_index,73.000,simulated_index_0_100,simulated,simulation:deterministic_change_control_demo,v0.1,71.000,75.000,simulated_demo_only,true,demo_change_control_v1,SIMULATED DEMO - NOT OPERATIONAL EVIDENCE
seg_059_060,59,60,2026-02-01T00:00:00Z,2026-02-02T00:00:00Z,demo_surface_condition_index,75.000,simulated_index_0_100,simulated,simulation:deterministic_change_control_demo,v0.1,72.000,78.000,simulated_demo_only,true,demo_change_control_v1,SIMULATED DEMO - NOT OPERATIONAL EVIDENCE
seg_060_061,60,61,2026-01-01T00:00:00Z,2026-02-02T00:00:00Z,demo_surface_condition_index,71.000,simulated_index_0_100,simulated,simulation:deterministic_change_control_demo,v0.1,69.000,73.000,simulated_demo_only,true,demo_change_control_v1,SIMULATED DEMO - NOT OPERATIONAL EVIDENCE
seg_060_061,60,61,2026-02-01T00:00:00Z,2026-02-02T00:00:00Z,demo_surface_condition_index,69.000,simulated_index_0_100,simulated,simulation:deterministic_change_control_demo,v0.1,66.000,72.000,simulated_demo_only,true,demo_change_control_v1,SIMULATED DEMO - NOT OPERATIONAL EVIDENCE
seg_061_062,61,62,2026-01-01T00:00:00Z,2026-02-02T00:00:00Z,demo_surface_condition_index,69.000,simulated_index_0_100,simulated,simulation:deterministic_change_control_demo,v0.1,67.000,71.000,simulated_demo_only,true,demo_change_control_v1,SIMULATED DEMO - NOT OPERATIONAL EVIDENCE
seg_061_062,61,62,2026-02-01T00:00:00Z,2026-02-02T00:00:00Z,demo_surface_condition_index,68.000,simulated_index_0_100,simulated,simulation:deterministic_change_control_demo,v0.1,65.000,71.000,simulated_demo_only,true,demo_change_control_v1,SIMULATED DEMO - NOT OPERATIONAL EVIDENCE
seg_062_063,62,63,2026-01-01T00:00:00Z,2026-02-02T00:00:00Z,demo_surface_condition_index,67.000,simulated_index_0_100,simulated,simulation:deterministic_change_control_demo,v0.1,65.000,69.000,simulated_demo_only,true,demo_change_control_v1,SIMULATED DEMO - NOT OPERATIONAL EVIDENCE
seg_062_063,62,63,2026-02-01T00:00:00Z,2026-02-02T00:00:00Z,demo_surface_condition_index,67.000,simulated_index_0_100,simulated,simulation:deterministic_change_control_demo,v0.1,64.000,70.000,simulated_demo_only,true,demo_change_control_v1,SIMULATED DEMO - NOT OPERATIONAL EVIDENCE
seg_063_064,63,64,2026-01-01T00:00:00Z,2026-02-02T00:00:00Z,demo_surface_condition_index,65.000,simulated_index_0_100,simulated,simulation:deterministic_change_control_demo,v0.1,63.000,67.000,simulated_demo_only,true,demo_change_control_v1,SIMULATED DEMO - NOT OPERATIONAL EVIDENCE
seg_063_064,63,64,2026-02-01T00:00:00Z,2026-02-02T00:00:00Z,demo_surface_condition_index,66.000,simulated_index_0_100,simulated,simulation:deterministic_change_control_demo,v0.1,63.000,69.000,simulated_demo_only,true,demo_change_control_v1,SIMULATED DEMO - NOT OPERATIONAL EVIDENCE
seg_064_065,64,65,2026-01-01T00:00:00Z,2026-02-02T00:00:00Z,demo_surface_condition_index,73.500,simulated_index_0_100,simulated,simulation:deterministic_change_control_demo,v0.1,71.500,75.500,simulated_demo_only,true,demo_change_control_v1,SIMULATED DEMO - NOT OPERATIONAL EVIDENCE
seg_064_065,64,65,2026-02-01T00:00:00Z,2026-02-02T00:00:00Z,demo_surface_condition_index,75.500,simulated_index_0_100,simulated,simulation:deterministic_change_control_demo,v0.1,72.500,78.500,simulated_demo_only,true,demo_change_control_v1,SIMULATED DEMO - NOT OPERATIONAL EVIDENCE
seg_065_066,65,66,2026-01-01T00:00:00Z,2026-02-02T00:00:00Z,demo_surface_condition_index,71.500,simulated_index_0_100,simulated,simulation:deterministic_change_control_demo,v0.1,69.500,73.500,simulated_demo_only,true,demo_change_control_v1,SIMULATED DEMO - NOT OPERATIONAL EVIDENCE
seg_065_066,65,66,2026-02-01T00:00:00Z,2026-02-02T00:00:00Z,demo_surface_condition_index,69.500,simulated_index_0_100,simulated,simulation:deterministic_change_control_demo,v0.1,66.500,72.500,simulated_demo_only,true,demo_change_control_v1,SIMULATED DEMO - NOT OPERATIONAL EVIDENCE
seg_066_067,66,67,2026-01-01T00:00:00Z,2026-02-02T00:00:00Z,demo_surface_condition_index,69.500,simulated_index_0_100,simulated,simulation:deterministic_change_control_demo,v0.1,67.500,71.500,simulated_demo_only,true,demo_change_control_v1,SIMULATED DEMO - NOT OPERATIONAL EVIDENCE
seg_066_067,66,67,2026-02-01T00:00:00Z,2026-02-02T00:00:00Z,demo_surface_condition_index,68.500,simulated_index_0_100,simulated,simulation:deterministic_change_control_demo,v0.1,65.500,71.500,simulated_demo_only,true,demo_change_control_v1,SIMULATED DEMO - NOT OPERATIONAL EVIDENCE
seg_067_068,67,68,2026-01-01T00:00:00Z,2026-02-02T00:00:00Z,demo_surface_condition_index,67.500,simulated_index_0_100,simulated,simulation:deterministic_change_control_demo,v0.1,65.500,69.500,simulated_demo_only,true,demo_change_control_v1,SIMULATED DEMO - NOT OPERATIONAL EVIDENCE
seg_067_068,67,68,2026-02-01T00:00:00Z,2026-02-02T00:00:00Z,demo_surface_condition_index,67.500,simulated_index_0_100,simulated,simulation:deterministic_change_control_demo,v0.1,64.500,70.500,simulated_demo_only,true,demo_change_control_v1,SIMULATED DEMO - NOT OPERATIONAL EVIDENCE
seg_068_069,68,69,2026-01-01T00:00:00Z,2026-02-02T00:00:00Z,demo_surface_condition_index,65.500,simulated_index_0_100,simulated,simulation:deterministic_change_control_demo,v0.1,63.500,67.500,simulated_demo_only,true,demo_change_control_v1,SIMULATED DEMO - NOT OPERATIONAL EVIDENCE
seg_068_069,68,69,2026-02-01T00:00:00Z,2026-02-02T00:00:00Z,demo_surface_condition_index,66.500,simulated_index_0_100,simulated,simulation:deterministic_change_control_demo,v0.1,63.500,69.500,simulated_demo_only,true,demo_change_control_v1,SIMULATED DEMO - NOT OPERATIONAL EVIDENCE
seg_069_070,69,70,2026-01-01T00:00:00Z,2026-02-02T00:00:00Z,demo_surface_condition_index,74.000,simulated_index_0_100,simulated,simulation:deterministic_change_control_demo,v0.1,72.000,76.000,simulated_demo_only,true,demo_change_control_v1,SIMULATED DEMO - NOT OPERATIONAL EVIDENCE
seg_069_070,69,70,2026-02-01T00:00:00Z,2026-02-02T00:00:00Z,demo_surface_condition_index,76.000,simulated_index_0_100,simulated,simulation:deterministic_change_control_demo,v0.1,73.000,79.000,simulated_demo_only,true,demo_change_control_v1,SIMULATED DEMO - NOT OPERATIONAL EVIDENCE
seg_070_071,70,71,2026-01-01T00:00:00Z,2026-02-02T00:00:00Z,demo_surface_condition_index,72.000,simulated_index_0_100,simulated,simulation:deterministic_change_control_demo,v0.1,70.000,74.000,simulated_demo_only,true,demo_change_control_v1,SIMULATED DEMO - NOT OPERATIONAL EVIDENCE
seg_070_071,70,71,2026-02-01T00:00:00Z,2026-02-02T00:00:00Z,demo_surface_condition_index,80.000,simulated_index_0_100,simulated,simulation:deterministic_change_control_demo,v0.1,77.000,83.000,simulated_demo_only,true,demo_change_control_v1,SIMULATED DEMO - NOT OPERATIONAL EVIDENCE
seg_071_072,71,72,2026-01-01T00:00:00Z,2026-02-02T00:00:00Z,demo_surface_condition_index,70.000,simulated_index_0_100,simulated,simulation:deterministic_change_control_demo,v0.1,68.000,72.000,simulated_demo_only,true,demo_change_control_v1,SIMULATED DEMO - NOT OPERATIONAL EVIDENCE
seg_071_072,71,72,2026-02-01T00:00:00Z,2026-02-02T00:00:00Z,demo_surface_condition_index,78.000,simulated_index_0_100,simulated,simulation:deterministic_change_control_demo,v0.1,75.000,81.000,simulated_demo_only,true,demo_change_control_v1,SIMULATED DEMO - NOT OPERATIONAL EVIDENCE
seg_072_073,72,73,2026-01-01T00:00:00Z,2026-02-02T00:00:00Z,demo_surface_condition_index,68.000,simulated_index_0_100,simulated,simulation:deterministic_change_control_demo,v0.1,66.000,70.000,simulated_demo_only,true,demo_change_control_v1,SIMULATED DEMO - NOT OPERATIONAL EVIDENCE
seg_072_073,72,73,2026-02-01T00:00:00Z,2026-02-02T00:00:00Z,demo_surface_condition_index,76.000,simulated_index_0_100,simulated,simulation:deterministic_change_control_demo,v0.1,73.000,79.000,simulated_demo_only,true,demo_change_control_v1,SIMULATED DEMO - NOT OPERATIONAL EVIDENCE
seg_073_074,73,74,2026-01-01T00:00:00Z,2026-02-02T00:00:00Z,demo_surface_condition_index,66.000,simulated_index_0_100,simulated,simulation:deterministic_change_control_demo,v0.1,64.000,68.000,simulated_demo_only,true,demo_change_control_v1,SIMULATED DEMO - NOT OPERATIONAL EVIDENCE
seg_073_074,73,74,2026-02-01T00:00:00Z,2026-02-02T00:00:00Z,demo_surface_condition_index,74.000,simulated_index_0_100,simulated,simulation:deterministic_change_control_demo,v0.1,71.000,77.000,simulated_demo_only,true,demo_change_control_v1,SIMULATED DEMO - NOT OPERATIONAL EVIDENCE
seg_074_075,74,75,2026-01-01T00:00:00Z,2026-02-02T00:00:00Z,demo_surface_condition_index,74.500,simulated_index_0_100,simulated,simulation:deterministic_change_control_demo,v0.1,72.500,76.500,simulated_demo_only,true,demo_change_control_v1,SIMULATED DEMO - NOT OPERATIONAL EVIDENCE
seg_074_075,74,75,2026-02-01T00:00:00Z,2026-02-02T00:00:00Z,demo_surface_condition_index,82.500,simulated_index_0_100,simulated,simulation:deterministic_change_control_demo,v0.1,79.500,85.500,simulated_demo_only,true,demo_change_control_v1,SIMULATED DEMO - NOT OPERATIONAL EVIDENCE
seg_075_076,75,76,2026-01-01T00:00:00Z,2026-02-02T00:00:00Z,demo_surface_condition_index,72.500,simulated_index_0_100,simulated,simulation:deterministic_change_control_demo,v0.1,70.500,74.500,simulated_demo_only,true,demo_change_control_v1,SIMULATED DEMO - NOT OPERATIONAL EVIDENCE
seg_075_076,75,76,2026-02-01T00:00:00Z,2026-02-02T00:00:00Z,demo_surface_condition_index,70.500,simulated_index_0_100,simulated,simulation:deterministic_change_control_demo,v0.1,67.500,73.500,simulated_demo_only,true,demo_change_control_v1,SIMULATED DEMO - NOT OPERATIONAL EVIDENCE
seg_076_077,76,77,2026-01-01T00:00:00Z,2026-02-02T00:00:00Z,demo_surface_condition_index,70.500,simulated_index_0_100,simulated,simulation:deterministic_change_control_demo,v0.1,68.500,72.500,simulated_demo_only,true,demo_change_control_v1,SIMULATED DEMO - NOT OPERATIONAL EVIDENCE
seg_076_077,76,77,2026-02-01T00:00:00Z,2026-02-02T00:00:00Z,demo_surface_condition_index,69.500,simulated_index_0_100,simulated,simulation:deterministic_change_control_demo,v0.1,66.500,72.500,simulated_demo_only,true,demo_change_control_v1,SIMULATED DEMO - NOT OPERATIONAL EVIDENCE
seg_077_078,77,78,2026-01-01T00:00:00Z,2026-02-02T00:00:00Z,demo_surface_condition_index,68.500,simulated_index_0_100,simulated,simulation:deterministic_change_control_demo,v0.1,66.500,70.500,simulated_demo_only,true,demo_change_control_v1,SIMULATED DEMO - NOT OPERATIONAL EVIDENCE
seg_077_078,77,78,2026-02-01T00:00:00Z,2026-02-02T00:00:00Z,demo_surface_condition_index,68.500,simulated_index_0_100,simulated,simulation:deterministic_change_control_demo,v0.1,65.500,71.500,simulated_demo_only,true,demo_change_control_v1,SIMULATED DEMO - NOT OPERATIONAL EVIDENCE
seg_078_079,78,79,2026-01-01T00:00:00Z,2026-02-02T00:00:00Z,demo_surface_condition_index,66.500,simulated_index_0_100,simulated,simulation:deterministic_change_control_demo,v0.1,64.500,68.500,simulated_demo_only,true,demo_change_control_v1,SIMULATED DEMO - NOT OPERATIONAL EVIDENCE
seg_078_079,78,79,2026-02-01T00:00:00Z,2026-02-02T00:00:00Z,demo_surface_condition_index,67.500,simulated_index_0_100,simulated,simulation:deterministic_change_control_demo,v0.1,64.500,70.500,simulated_demo_only,true,demo_change_control_v1,SIMULATED DEMO - NOT OPERATIONAL EVIDENCE
seg_079_080,79,80,2026-01-01T00:00:00Z,2026-02-02T00:00:00Z,demo_surface_condition_index,75.000,simulated_index_0_100,simulated,simulation:deterministic_change_control_demo,v0.1,73.000,77.000,simulated_demo_only,true,demo_change_control_v1,SIMULATED DEMO - NOT OPERATIONAL EVIDENCE
seg_079_080,79,80,2026-02-01T00:00:00Z,2026-02-02T00:00:00Z,demo_surface_condition_index,77.000,simulated_index_0_100,simulated,simulation:deterministic_change_control_demo,v0.1,74.000,80.000,simulated_demo_only,true,demo_change_control_v1,SIMULATED DEMO - NOT OPERATIONAL EVIDENCE
seg_080_081,80,81,2026-01-01T00:00:00Z,2026-02-02T00:00:00Z,demo_surface_condition_index,73.000,simulated_index_0_100,simulated,simulation:deterministic_change_control_demo,v0.1,71.000,75.000,simulated_demo_only,true,demo_change_control_v1,SIMULATED DEMO - NOT OPERATIONAL EVIDENCE
seg_080_081,80,81,2026-02-01T00:00:00Z,2026-02-02T00:00:00Z,demo_surface_condition_index,71.000,simulated_index_0_100,simulated,simulation:deterministic_change_control_demo,v0.1,68.000,74.000,simulated_demo_only,true,demo_change_control_v1,SIMULATED DEMO - NOT OPERATIONAL EVIDENCE
seg_081_082,81,82,2026-01-01T00:00:00Z,2026-02-02T00:00:00Z,demo_surface_condition_index,71.000,simulated_index_0_100,simulated,simulation:deterministic_change_control_demo,v0.1,69.000,73.000,simulated_demo_only,true,demo_change_control_v1,SIMULATED DEMO - NOT OPERATIONAL EVIDENCE
seg_081_082,81,82,2026-02-01T00:00:00Z,2026-02-02T00:00:00Z,demo_surface_condition_index,70.000,simulated_index_0_100,simulated,simulation:deterministic_change_control_demo,v0.1,67.000,73.000,simulated_demo_only,true,demo_change_control_v1,SIMULATED DEMO - NOT OPERATIONAL EVIDENCE
seg_082_083,82,83,2026-01-01T00:00:00Z,2026-02-02T00:00:00Z,demo_surface_condition_index,69.000,simulated_index_0_100,simulated,simulation:deterministic_change_control_demo,v0.1,67.000,71.000,simulated_demo_only,true,demo_change_control_v1,SIMULATED DEMO - NOT OPERATIONAL EVIDENCE
seg_082_083,82,83,2026-02-01T00:00:00Z,2026-02-02T00:00:00Z,demo_surface_condition_index,69.000,simulated_index_0_100,simulated,simulation:deterministic_change_control_demo,v0.1,66.000,72.000,simulated_demo_only,true,demo_change_control_v1,SIMULATED DEMO - NOT OPERATIONAL EVIDENCE
seg_083_084,83,84,2026-01-01T00:00:00Z,2026-02-02T00:00:00Z,demo_surface_condition_index,67.000,simulated_index_0_100,simulated,simulation:deterministic_change_control_demo,v0.1,65.000,69.000,simulated_demo_only,true,demo_change_control_v1,SIMULATED DEMO - NOT OPERATIONAL EVIDENCE
seg_083_084,83,84,2026-02-01T00:00:00Z,2026-02-02T00:00:00Z,demo_surface_condition_index,68.000,simulated_index_0_100,simulated,simulation:deterministic_change_control_demo,v0.1,65.000,71.000,simulated_demo_only,true,demo_change_control_v1,SIMULATED DEMO - NOT OPERATIONAL EVIDENCE
seg_084_085,84,85,2026-01-01T00:00:00Z,2026-02-02T00:00:00Z,demo_surface_condition_index,65.000,simulated_index_0_100,simulated,simulation:deterministic_change_control_demo,v0.1,63.000,67.000,simulated_demo_only,true,demo_change_control_v1,SIMULATED DEMO - NOT OPERATIONAL EVIDENCE
seg_084_085,84,85,2026-02-01T00:00:00Z,2026-02-02T00:00:00Z,demo_surface_condition_index,67.000,simulated_index_0_100,simulated,simulation:deterministic_change_control_demo,v0.1,64.000,70.000,simulated_demo_only,true,demo_change_control_v1,SIMULATED DEMO - NOT OPERATIONAL EVIDENCE
seg_085_086,85,86,2026-01-01T00:00:00Z,2026-02-02T00:00:00Z,demo_surface_condition_index,73.500,simulated_index_0_100,simulated,simulation:deterministic_change_control_demo,v0.1,71.500,75.500,simulated_demo_only,true,demo_change_control_v1,SIMULATED DEMO - NOT OPERATIONAL EVIDENCE
seg_085_086,85,86,2026-02-01T00:00:00Z,2026-02-02T00:00:00Z,demo_surface_condition_index,71.500,simulated_index_0_100,simulated,simulation:deterministic_change_control_demo,v0.1,68.500,74.500,simulated_demo_only,true,demo_change_control_v1,SIMULATED DEMO - NOT OPERATIONAL EVIDENCE
seg_086_087,86,87,2026-01-01T00:00:00Z,2026-02-02T00:00:00Z,demo_surface_condition_index,71.500,simulated_index_0_100,simulated,simulation:deterministic_change_control_demo,v0.1,69.500,73.500,simulated_demo_only,true,demo_change_control_v1,SIMULATED DEMO - NOT OPERATIONAL EVIDENCE
seg_086_087,86,87,2026-02-01T00:00:00Z,2026-02-02T00:00:00Z,demo_surface_condition_index,70.500,simulated_index_0_100,simulated,simulation:deterministic_change_control_demo,v0.1,67.500,73.500,simulated_demo_only,true,demo_change_control_v1,SIMULATED DEMO - NOT OPERATIONAL EVIDENCE
seg_087_088,87,88,2026-01-01T00:00:00Z,2026-02-02T00:00:00Z,demo_surface_condition_index,69.500,simulated_index_0_100,simulated,simulation:deterministic_change_control_demo,v0.1,67.500,71.500,simulated_demo_only,true,demo_change_control_v1,SIMULATED DEMO - NOT OPERATIONAL EVIDENCE
seg_087_088,87,88,2026-02-01T00:00:00Z,2026-02-02T00:00:00Z,demo_surface_condition_index,69.500,simulated_index_0_100,simulated,simulation:deterministic_change_control_demo,v0.1,66.500,72.500,simulated_demo_only,true,demo_change_control_v1,SIMULATED DEMO - NOT OPERATIONAL EVIDENCE
seg_088_089,88,89,2026-01-01T00:00:00Z,2026-02-02T00:00:00Z,demo_surface_condition_index,67.500,simulated_index_0_100,simulated,simulation:deterministic_change_control_demo,v0.1,65.500,69.500,simulated_demo_only,true,demo_change_control_v1,SIMULATED DEMO - NOT OPERATIONAL EVIDENCE
seg_088_089,88,89,2026-02-01T00:00:00Z,2026-02-02T00:00:00Z,demo_surface_condition_index,68.500,simulated_index_0_100,simulated,simulation:deterministic_change_control_demo,v0.1,65.500,71.500,simulated_demo_only,true,demo_change_control_v1,SIMULATED DEMO - NOT OPERATIONAL EVIDENCE
seg_089_090,89,90,2026-01-01T00:00:00Z,2026-02-02T00:00:00Z,demo_surface_condition_index,65.500,simulated_index_0_100,simulated,simulation:deterministic_change_control_demo,v0.1,63.500,67.500,simulated_demo_only,true,demo_change_control_v1,SIMULATED DEMO - NOT OPERATIONAL EVIDENCE
seg_089_090,89,90,2026-02-01T00:00:00Z,2026-02-02T00:00:00Z,demo_surface_condition_index,67.500,simulated_index_0_100,simulated,simulation:deterministic_change_control_demo,v0.1,64.500,70.500,simulated_demo_only,true,demo_change_control_v1,SIMULATED DEMO - NOT OPERATIONAL EVIDENCE
seg_090_091,90,91,2026-01-01T00:00:00Z,2026-02-02T00:00:00Z,demo_surface_condition_index,74.000,simulated_index_0_100,simulated,simulation:deterministic_change_control_demo,v0.1,72.000,76.000,simulated_demo_only,true,demo_change_control_v1,SIMULATED DEMO - NOT OPERATIONAL EVIDENCE
seg_090_091,90,91,2026-02-01T00:00:00Z,2026-02-02T00:00:00Z,demo_surface_condition_index,72.000,simulated_index_0_100,simulated,simulation:deterministic_change_control_demo,v0.1,69.000,75.000,simulated_demo_only,true,demo_change_control_v1,SIMULATED DEMO - NOT OPERATIONAL EVIDENCE
seg_091_092,91,92,2026-01-01T00:00:00Z,2026-02-02T00:00:00Z,demo_surface_condition_index,72.000,simulated_index_0_100,simulated,simulation:deterministic_change_control_demo,v0.1,70.000,74.000,simulated_demo_only,true,demo_change_control_v1,SIMULATED DEMO - NOT OPERATIONAL EVIDENCE
seg_091_092,91,92,2026-02-01T00:00:00Z,2026-02-02T00:00:00Z,demo_surface_condition_index,71.000,simulated_index_0_100,simulated,simulation:deterministic_change_control_demo,v0.1,68.000,74.000,simulated_demo_only,true,demo_change_control_v1,SIMULATED DEMO - NOT OPERATIONAL EVIDENCE
seg_092_093,92,93,2026-01-01T00:00:00Z,2026-02-02T00:00:00Z,demo_surface_condition_index,70.000,simulated_index_0_100,simulated,simulation:deterministic_change_control_demo,v0.1,68.000,72.000,simulated_demo_only,true,demo_change_control_v1,SIMULATED DEMO - NOT OPERATIONAL EVIDENCE
seg_092_093,92,93,2026-02-01T00:00:00Z,2026-02-02T00:00:00Z,demo_surface_condition_index,70.000,simulated_index_0_100,simulated,simulation:deterministic_change_control_demo,v0.1,67.000,73.000,simulated_demo_only,true,demo_change_control_v1,SIMULATED DEMO - NOT OPERATIONAL EVIDENCE
seg_093_094,93,94,2026-01-01T00:00:00Z,2026-02-02T00:00:00Z,demo_surface_condition_index,68.000,simulated_index_0_100,simulated,simulation:deterministic_change_control_demo,v0.1,66.000,70.000,simulated_demo_only,true,demo_change_control_v1,SIMULATED DEMO - NOT OPERATIONAL EVIDENCE
seg_093_094,93,94,2026-02-01T00:00:00Z,2026-02-02T00:00:00Z,demo_surface_condition_index,69.000,simulated_index_0_100,simulated,simulation:deterministic_change_control_demo,v0.1,66.000,72.000,simulated_demo_only,true,demo_change_control_v1,SIMULATED DEMO - NOT OPERATIONAL EVIDENCE
seg_094_095,94,95,2026-01-01T00:00:00Z,2026-02-02T00:00:00Z,demo_surface_condition_index,66.000,simulated_index_0_100,simulated,simulation:deterministic_change_control_demo,v0.1,64.000,68.000,simulated_demo_only,true,demo_change_control_v1,SIMULATED DEMO - NOT OPERATIONAL EVIDENCE
seg_094_095,94,95,2026-02-01T00:00:00Z,2026-02-02T00:00:00Z,demo_surface_condition_index,68.000,simulated_index_0_100,simulated,simulation:deterministic_change_control_demo,v0.1,65.000,71.000,simulated_demo_only,true,demo_change_control_v1,SIMULATED DEMO - NOT OPERATIONAL EVIDENCE
seg_095_096,95,96,2026-01-01T00:00:00Z,2026-02-02T00:00:00Z,demo_surface_condition_index,74.500,simulated_index_0_100,simulated,simulation:deterministic_change_control_demo,v0.1,72.500,76.500,simulated_demo_only,true,demo_change_control_v1,SIMULATED DEMO - NOT OPERATIONAL EVIDENCE
seg_095_096,95,96,2026-02-01T00:00:00Z,2026-02-02T00:00:00Z,demo_surface_condition_index,72.500,simulated_index_0_100,simulated,simulation:deterministic_change_control_demo,v0.1,69.500,75.500,simulated_demo_only,true,demo_change_control_v1,SIMULATED DEMO - NOT OPERATIONAL EVIDENCE
seg_096_097,96,97,2026-01-01T00:00:00Z,2026-02-02T00:00:00Z,demo_surface_condition_index,72.500,simulated_index_0_100,simulated,simulation:deterministic_change_control_demo,v0.1,70.500,74.500,simulated_demo_only,true,demo_change_control_v1,SIMULATED DEMO - NOT OPERATIONAL EVIDENCE
seg_096_097,96,97,2026-02-01T00:00:00Z,2026-02-02T00:00:00Z,demo_surface_condition_index,71.500,simulated_index_0_100,simulated,simulation:deterministic_change_control_demo,v0.1,68.500,74.500,simulated_demo_only,true,demo_change_control_v1,SIMULATED DEMO - NOT OPERATIONAL EVIDENCE
seg_097_098,97,98,2026-01-01T00:00:00Z,2026-02-02T00:00:00Z,demo_surface_condition_index,70.500,simulated_index_0_100,simulated,simulation:deterministic_change_control_demo,v0.1,68.500,72.500,simulated_demo_only,true,demo_change_control_v1,SIMULATED DEMO - NOT OPERATIONAL EVIDENCE
seg_097_098,97,98,2026-02-01T00:00:00Z,2026-02-02T00:00:00Z,demo_surface_condition_index,70.500,simulated_index_0_100,simulated,simulation:deterministic_change_control_demo,v0.1,67.500,73.500,simulated_demo_only,true,demo_change_control_v1,SIMULATED DEMO - NOT OPERATIONAL EVIDENCE
seg_098_099,98,99,2026-01-01T00:00:00Z,2026-02-02T00:00:00Z,demo_surface_condition_index,68.500,simulated_index_0_100,simulated,simulation:deterministic_change_control_demo,v0.1,66.500,70.500,simulated_demo_only,true,demo_change_control_v1,SIMULATED DEMO - NOT OPERATIONAL EVIDENCE
seg_098_099,98,99,2026-02-01T00:00:00Z,2026-02-02T00:00:00Z,demo_surface_condition_index,69.500,simulated_index_0_100,simulated,simulation:deterministic_change_control_demo,v0.1,66.500,72.500,simulated_demo_only,true,demo_change_control_v1,SIMULATED DEMO - NOT OPERATIONAL EVIDENCE
seg_099_100,99,100,2026-01-01T00:00:00Z,2026-02-02T00:00:00Z,demo_surface_condition_index,66.500,simulated_index_0_100,simulated,simulation:deterministic_change_control_demo,v0.1,64.500,68.500,simulated_demo_only,true,demo_change_control_v1,SIMULATED DEMO - NOT OPERATIONAL EVIDENCE
seg_099_100,99,100,2026-02-01T00:00:00Z,2026-02-02T00:00:00Z,demo_surface_condition_index,68.500,simulated_index_0_100,simulated,simulation:deterministic_change_control_demo,v0.1,65.500,71.500,simulated_demo_only,true,demo_change_control_v1,SIMULATED DEMO - NOT OPERATIONAL EVIDENCE
seg_100_101,100,101,2026-01-01T00:00:00Z,2026-02-02T00:00:00Z,demo_surface_condition_index,75.000,simulated_index_0_100,simulated,simulation:deterministic_change_control_demo,v0.1,73.000,77.000,simulated_demo_only,true,demo_change_control_v1,SIMULATED DEMO - NOT OPERATIONAL EVIDENCE
seg_100_101,100,101,2026-02-01T00:00:00Z,2026-02-02T00:00:00Z,demo_surface_condition_index,69.000,simulated_index_0_100,simulated,simulation:deterministic_change_control_demo,v0.1,66.000,72.000,simulated_demo_only,true,demo_change_control_v1,SIMULATED DEMO - NOT OPERATIONAL EVIDENCE
seg_101_102,101,102,2026-01-01T00:00:00Z,2026-02-02T00:00:00Z,demo_surface_condition_index,73.000,simulated_index_0_100,simulated,simulation:deterministic_change_control_demo,v0.1,71.000,75.000,simulated_demo_only,true,demo_change_control_v1,SIMULATED DEMO - NOT OPERATIONAL EVIDENCE
seg_101_102,101,102,2026-02-01T00:00:00Z,2026-02-02T00:00:00Z,demo_surface_condition_index,67.000,simulated_index_0_100,simulated,simulation:deterministic_change_control_demo,v0.1,64.000,70.000,simulated_demo_only,true,demo_change_control_v1,SIMULATED DEMO - NOT OPERATIONAL EVIDENCE
seg_102_103,102,103,2026-01-01T00:00:00Z,2026-02-02T00:00:00Z,demo_surface_condition_index,71.000,simulated_index_0_100,simulated,simulation:deterministic_change_control_demo,v0.1,69.000,73.000,simulated_demo_only,true,demo_change_control_v1,SIMULATED DEMO - NOT OPERATIONAL EVIDENCE
seg_102_103,102,103,2026-02-01T00:00:00Z,2026-02-02T00:00:00Z,demo_surface_condition_index,65.000,simulated_index_0_100,simulated,simulation:deterministic_change_control_demo,v0.1,62.000,68.000,simulated_demo_only,true,demo_change_control_v1,SIMULATED DEMO - NOT OPERATIONAL EVIDENCE
seg_103_104,103,104,2026-01-01T00:00:00Z,2026-02-02T00:00:00Z,demo_surface_condition_index,69.000,simulated_index_0_100,simulated,simulation:deterministic_change_control_demo,v0.1,67.000,71.000,simulated_demo_only,true,demo_change_control_v1,SIMULATED DEMO - NOT OPERATIONAL EVIDENCE
seg_103_104,103,104,2026-02-01T00:00:00Z,2026-02-02T00:00:00Z,demo_surface_condition_index,63.000,simulated_index_0_100,simulated,simulation:deterministic_change_control_demo,v0.1,60.000,66.000,simulated_demo_only,true,demo_change_control_v1,SIMULATED DEMO - NOT OPERATIONAL EVIDENCE
seg_104_105,104,105,2026-01-01T00:00:00Z,2026-02-02T00:00:00Z,demo_surface_condition_index,67.000,simulated_index_0_100,simulated,simulation:deterministic_change_control_demo,v0.1,65.000,69.000,simulated_demo_only,true,demo_change_control_v1,SIMULATED DEMO - NOT OPERATIONAL EVIDENCE
seg_104_105,104,105,2026-02-01T00:00:00Z,2026-02-02T00:00:00Z,demo_surface_condition_index,61.000,simulated_index_0_100,simulated,simulation:deterministic_change_control_demo,v0.1,58.000,64.000,simulated_demo_only,true,demo_change_control_v1,SIMULATED DEMO - NOT OPERATIONAL EVIDENCE
seg_105_106,105,106,2026-01-01T00:00:00Z,2026-02-02T00:00:00Z,demo_surface_condition_index,65.000,simulated_index_0_100,simulated,simulation:deterministic_change_control_demo,v0.1,63.000,67.000,simulated_demo_only,true,demo_change_control_v1,SIMULATED DEMO - NOT OPERATIONAL EVIDENCE
seg_105_106,105,106,2026-02-01T00:00:00Z,2026-02-02T00:00:00Z,demo_surface_condition_index,59.000,simulated_index_0_100,simulated,simulation:deterministic_change_control_demo,v0.1,56.000,62.000,simulated_demo_only,true,demo_change_control_v1,SIMULATED DEMO - NOT OPERATIONAL EVIDENCE
seg_106_107,106,107,2026-01-01T00:00:00Z,2026-02-02T00:00:00Z,demo_surface_condition_index,73.500,simulated_index_0_100,simulated,simulation:deterministic_change_control_demo,v0.1,71.500,75.500,simulated_demo_only,true,demo_change_control_v1,SIMULATED DEMO - NOT OPERATIONAL EVIDENCE
seg_106_107,106,107,2026-02-01T00:00:00Z,2026-02-02T00:00:00Z,demo_surface_condition_index,67.500,simulated_index_0_100,simulated,simulation:deterministic_change_control_demo,v0.1,64.500,70.500,simulated_demo_only,true,demo_change_control_v1,SIMULATED DEMO - NOT OPERATIONAL EVIDENCE
seg_107_108,107,108,2026-01-01T00:00:00Z,2026-02-02T00:00:00Z,demo_surface_condition_index,71.500,simulated_index_0_100,simulated,simulation:deterministic_change_control_demo,v0.1,69.500,73.500,simulated_demo_only,true,demo_change_control_v1,SIMULATED DEMO - NOT OPERATIONAL EVIDENCE
seg_107_108,107,108,2026-02-01T00:00:00Z,2026-02-02T00:00:00Z,demo_surface_condition_index,65.500,simulated_index_0_100,simulated,simulation:deterministic_change_control_demo,v0.1,62.500,68.500,simulated_demo_only,true,demo_change_control_v1,SIMULATED DEMO - NOT OPERATIONAL EVIDENCE
seg_108_109,108,109,2026-01-01T00:00:00Z,2026-02-02T00:00:00Z,demo_surface_condition_index,69.500,simulated_index_0_100,simulated,simulation:deterministic_change_control_demo,v0.1,67.500,71.500,simulated_demo_only,true,demo_change_control_v1,SIMULATED DEMO - NOT OPERATIONAL EVIDENCE
seg_108_109,108,109,2026-02-01T00:00:00Z,2026-02-02T00:00:00Z,demo_surface_condition_index,63.500,simulated_index_0_100,simulated,simulation:deterministic_change_control_demo,v0.1,60.500,66.500,simulated_demo_only,true,demo_change_control_v1,SIMULATED DEMO - NOT OPERATIONAL EVIDENCE
seg_109_110,109,110,2026-01-01T00:00:00Z,2026-02-02T00:00:00Z,demo_surface_condition_index,67.500,simulated_index_0_100,simulated,simulation:deterministic_change_control_demo,v0.1,65.500,69.500,simulated_demo_only,true,demo_change_control_v1,SIMULATED DEMO - NOT OPERATIONAL EVIDENCE
seg_109_110,109,110,2026-02-01T00:00:00Z,2026-02-02T00:00:00Z,demo_surface_condition_index,61.500,simulated_index_0_100,simulated,simulation:deterministic_change_control_demo,v0.1,58.500,64.500,simulated_demo_only,true,demo_change_control_v1,SIMULATED DEMO - NOT OPERATIONAL EVIDENCE
seg_110_111,110,111,2026-01-01T00:00:00Z,2026-02-02T00:00:00Z,demo_surface_condition_index,65.500,simulated_index_0_100,simulated,simulation:deterministic_change_control_demo,v0.1,63.500,67.500,simulated_demo_only,true,demo_change_control_v1,SIMULATED DEMO - NOT OPERATIONAL EVIDENCE
seg_110_111,110,111,2026-02-01T00:00:00Z,2026-02-02T00:00:00Z,demo_surface_condition_index,63.500,simulated_index_0_100,simulated,simulation:deterministic_change_control_demo,v0.1,60.500,66.500,simulated_demo_only,true,demo_change_control_v1,SIMULATED DEMO - NOT OPERATIONAL EVIDENCE
seg_111_112,111,112,2026-01-01T00:00:00Z,2026-02-02T00:00:00Z,demo_surface_condition_index,74.000,simulated_index_0_100,simulated,simulation:deterministic_change_control_demo,v0.1,72.000,76.000,simulated_demo_only,true,demo_change_control_v1,SIMULATED DEMO - NOT OPERATIONAL EVIDENCE
seg_111_112,111,112,2026-02-01T00:00:00Z,2026-02-02T00:00:00Z,demo_surface_condition_index,73.000,simulated_index_0_100,simulated,simulation:deterministic_change_control_demo,v0.1,70.000,76.000,simulated_demo_only,true,demo_change_control_v1,SIMULATED DEMO - NOT OPERATIONAL EVIDENCE
seg_112_113,112,113,2026-01-01T00:00:00Z,2026-02-02T00:00:00Z,demo_surface_condition_index,72.000,simulated_index_0_100,simulated,simulation:deterministic_change_control_demo,v0.1,70.000,74.000,simulated_demo_only,true,demo_change_control_v1,SIMULATED DEMO - NOT OPERATIONAL EVIDENCE
seg_112_113,112,113,2026-02-01T00:00:00Z,2026-02-02T00:00:00Z,demo_surface_condition_index,72.000,simulated_index_0_100,simulated,simulation:deterministic_change_control_demo,v0.1,69.000,75.000,simulated_demo_only,true,demo_change_control_v1,SIMULATED DEMO - NOT OPERATIONAL EVIDENCE
seg_113_114,113,114,2026-01-01T00:00:00Z,2026-02-02T00:00:00Z,demo_surface_condition_index,70.000,simulated_index_0_100,simulated,simulation:deterministic_change_control_demo,v0.1,68.000,72.000,simulated_demo_only,true,demo_change_control_v1,SIMULATED DEMO - NOT OPERATIONAL EVIDENCE
seg_113_114,113,114,2026-02-01T00:00:00Z,2026-02-02T00:00:00Z,demo_surface_condition_index,71.000,simulated_index_0_100,simulated,simulation:deterministic_change_control_demo,v0.1,68.000,74.000,simulated_demo_only,true,demo_change_control_v1,SIMULATED DEMO - NOT OPERATIONAL EVIDENCE
seg_114_115,114,115,2026-01-01T00:00:00Z,2026-02-02T00:00:00Z,demo_surface_condition_index,68.000,simulated_index_0_100,simulated,simulation:deterministic_change_control_demo,v0.1,66.000,70.000,simulated_demo_only,true,demo_change_control_v1,SIMULATED DEMO - NOT OPERATIONAL EVIDENCE
seg_114_115,114,115,2026-02-01T00:00:00Z,2026-02-02T00:00:00Z,demo_surface_condition_index,70.000,simulated_index_0_100,simulated,simulation:deterministic_change_control_demo,v0.1,67.000,73.000,simulated_demo_only,true,demo_change_control_v1,SIMULATED DEMO - NOT OPERATIONAL EVIDENCE
seg_115_116,115,116,2026-01-01T00:00:00Z,2026-02-02T00:00:00Z,demo_surface_condition_index,66.000,simulated_index_0_100,simulated,simulation:deterministic_change_control_demo,v0.1,64.000,68.000,simulated_demo_only,true,demo_change_control_v1,SIMULATED DEMO - NOT OPERATIONAL EVIDENCE
seg_115_116,115,116,2026-02-01T00:00:00Z,2026-02-02T00:00:00Z,demo_surface_condition_index,64.000,simulated_index_0_100,simulated,simulation:deterministic_change_control_demo,v0.1,61.000,67.000,simulated_demo_only,true,demo_change_control_v1,SIMULATED DEMO - NOT OPERATIONAL EVIDENCE
seg_116_117,116,117,2026-01-01T00:00:00Z,2026-02-02T00:00:00Z,demo_surface_condition_index,74.500,simulated_index_0_100,simulated,simulation:deterministic_change_control_demo,v0.1,72.500,76.500,simulated_demo_only,true,demo_change_control_v1,SIMULATED DEMO - NOT OPERATIONAL EVIDENCE
seg_116_117,116,117,2026-02-01T00:00:00Z,2026-02-02T00:00:00Z,demo_surface_condition_index,73.500,simulated_index_0_100,simulated,simulation:deterministic_change_control_demo,v0.1,70.500,76.500,simulated_demo_only,true,demo_change_control_v1,SIMULATED DEMO - NOT OPERATIONAL EVIDENCE
seg_117_118,117,118,2026-01-01T00:00:00Z,2026-02-02T00:00:00Z,demo_surface_condition_index,72.500,simulated_index_0_100,simulated,simulation:deterministic_change_control_demo,v0.1,70.500,74.500,simulated_demo_only,true,demo_change_control_v1,SIMULATED DEMO - NOT OPERATIONAL EVIDENCE
seg_117_118,117,118,2026-02-01T00:00:00Z,2026-02-02T00:00:00Z,demo_surface_condition_index,72.500,simulated_index_0_100,simulated,simulation:deterministic_change_control_demo,v0.1,69.500,75.500,simulated_demo_only,true,demo_change_control_v1,SIMULATED DEMO - NOT OPERATIONAL EVIDENCE
seg_118_119,118,119,2026-01-01T00:00:00Z,2026-02-02T00:00:00Z,demo_surface_condition_index,70.500,simulated_index_0_100,simulated,simulation:deterministic_change_control_demo,v0.1,68.500,72.500,simulated_demo_only,true,demo_change_control_v1,SIMULATED DEMO - NOT OPERATIONAL EVIDENCE
seg_118_119,118,119,2026-02-01T00:00:00Z,2026-02-02T00:00:00Z,demo_surface_condition_index,71.500,simulated_index_0_100,simulated,simulation:deterministic_change_control_demo,v0.1,68.500,74.500,simulated_demo_only,true,demo_change_control_v1,SIMULATED DEMO - NOT OPERATIONAL EVIDENCE
seg_119_120,119,120,2026-01-01T00:00:00Z,2026-02-02T00:00:00Z,demo_surface_condition_index,68.500,simulated_index_0_100,simulated,simulation:deterministic_change_control_demo,v0.1,66.500,70.500,simulated_demo_only,true,demo_change_control_v1,SIMULATED DEMO - NOT OPERATIONAL EVIDENCE
seg_119_120,119,120,2026-02-01T00:00:00Z,2026-02-02T00:00:00Z,demo_surface_condition_index,70.500,simulated_index_0_100,simulated,simulation:deterministic_change_control_demo,v0.1,67.500,73.500,simulated_demo_only,true,demo_change_control_v1,SIMULATED DEMO - NOT OPERATIONAL EVIDENCE
seg_120_121,120,121,2026-01-01T00:00:00Z,2026-02-02T00:00:00Z,demo_surface_condition_index,66.500,simulated_index_0_100,simulated,simulation:deterministic_change_control_demo,v0.1,64.500,68.500,simulated_demo_only,true,demo_change_control_v1,SIMULATED DEMO - NOT OPERATIONAL EVIDENCE
seg_120_121,120,121,2026-02-01T00:00:00Z,2026-02-02T00:00:00Z,demo_surface_condition_index,64.500,simulated_index_0_100,simulated,simulation:deterministic_change_control_demo,v0.1,61.500,67.500,simulated_demo_only,true,demo_change_control_v1,SIMULATED DEMO - NOT OPERATIONAL EVIDENCE
seg_121_122,121,122,2026-01-01T00:00:00Z,2026-02-02T00:00:00Z,demo_surface_condition_index,75.000,simulated_index_0_100,simulated,simulation:deterministic_change_control_demo,v0.1,73.000,77.000,simulated_demo_only,true,demo_change_control_v1,SIMULATED DEMO - NOT OPERATIONAL EVIDENCE
seg_121_122,121,122,2026-02-01T00:00:00Z,2026-02-02T00:00:00Z,demo_surface_condition_index,74.000,simulated_index_0_100,simulated,simulation:deterministic_change_control_demo,v0.1,71.000,77.000,simulated_demo_only,true,demo_change_control_v1,SIMULATED DEMO - NOT OPERATIONAL EVIDENCE
seg_122_123,122,123,2026-01-01T00:00:00Z,2026-02-02T00:00:00Z,demo_surface_condition_index,73.000,simulated_index_0_100,simulated,simulation:deterministic_change_control_demo,v0.1,71.000,75.000,simulated_demo_only,true,demo_change_control_v1,SIMULATED DEMO - NOT OPERATIONAL EVIDENCE
seg_122_123,122,123,2026-02-01T00:00:00Z,2026-02-02T00:00:00Z,demo_surface_condition_index,73.000,simulated_index_0_100,simulated,simulation:deterministic_change_control_demo,v0.1,70.000,76.000,simulated_demo_only,true,demo_change_control_v1,SIMULATED DEMO - NOT OPERATIONAL EVIDENCE
seg_123_124,123,124,2026-01-01T00:00:00Z,2026-02-02T00:00:00Z,demo_surface_condition_index,71.000,simulated_index_0_100,simulated,simulation:deterministic_change_control_demo,v0.1,69.000,73.000,simulated_demo_only,true,demo_change_control_v1,SIMULATED DEMO - NOT OPERATIONAL EVIDENCE
seg_123_124,123,124,2026-02-01T00:00:00Z,2026-02-02T00:00:00Z,demo_surface_condition_index,72.000,simulated_index_0_100,simulated,simulation:deterministic_change_control_demo,v0.1,69.000,75.000,simulated_demo_only,true,demo_change_control_v1,SIMULATED DEMO - NOT OPERATIONAL EVIDENCE
seg_124_125,124,125,2026-01-01T00:00:00Z,2026-02-02T00:00:00Z,demo_surface_condition_index,69.000,simulated_index_0_100,simulated,simulation:deterministic_change_control_demo,v0.1,67.000,71.000,simulated_demo_only,true,demo_change_control_v1,SIMULATED DEMO - NOT OPERATIONAL EVIDENCE
seg_124_125,124,125,2026-02-01T00:00:00Z,2026-02-02T00:00:00Z,demo_surface_condition_index,71.000,simulated_index_0_100,simulated,simulation:deterministic_change_control_demo,v0.1,68.000,74.000,simulated_demo_only,true,demo_change_control_v1,SIMULATED DEMO - NOT OPERATIONAL EVIDENCE
seg_125_126,125,126,2026-01-01T00:00:00Z,2026-02-02T00:00:00Z,demo_surface_condition_index,67.000,simulated_index_0_100,simulated,simulation:deterministic_change_control_demo,v0.1,65.000,69.000,simulated_demo_only,true,demo_change_control_v1,SIMULATED DEMO - NOT OPERATIONAL EVIDENCE
seg_125_126,125,126,2026-02-01T00:00:00Z,2026-02-02T00:00:00Z,demo_surface_condition_index,65.000,simulated_index_0_100,simulated,simulation:deterministic_change_control_demo,v0.1,62.000,68.000,simulated_demo_only,true,demo_change_control_v1,SIMULATED DEMO - NOT OPERATIONAL EVIDENCE
seg_126_127,126,127,2026-01-01T00:00:00Z,2026-02-02T00:00:00Z,demo_surface_condition_index,65.000,simulated_index_0_100,simulated,simulation:deterministic_change_control_demo,v0.1,63.000,67.000,simulated_demo_only,true,demo_change_control_v1,SIMULATED DEMO - NOT OPERATIONAL EVIDENCE
seg_126_127,126,127,2026-02-01T00:00:00Z,2026-02-02T00:00:00Z,demo_surface_condition_index,64.000,simulated_index_0_100,simulated,simulation:deterministic_change_control_demo,v0.1,61.000,67.000,simulated_demo_only,true,demo_change_control_v1,SIMULATED DEMO - NOT OPERATIONAL EVIDENCE
seg_127_128,127,128,2026-01-01T00:00:00Z,2026-02-02T00:00:00Z,demo_surface_condition_index,73.500,simulated_index_0_100,simulated,simulation:deterministic_change_control_demo,v0.1,71.500,75.500,simulated_demo_only,true,demo_change_control_v1,SIMULATED DEMO - NOT OPERATIONAL EVIDENCE
seg_127_128,127,128,2026-02-01T00:00:00Z,2026-02-02T00:00:00Z,demo_surface_condition_index,73.500,simulated_index_0_100,simulated,simulation:deterministic_change_control_demo,v0.1,70.500,76.500,simulated_demo_only,true,demo_change_control_v1,SIMULATED DEMO - NOT OPERATIONAL EVIDENCE
seg_128_129,128,129,2026-01-01T00:00:00Z,2026-02-02T00:00:00Z,demo_surface_condition_index,71.500,simulated_index_0_100,simulated,simulation:deterministic_change_control_demo,v0.1,69.500,73.500,simulated_demo_only,true,demo_change_control_v1,SIMULATED DEMO - NOT OPERATIONAL EVIDENCE
seg_128_129,128,129,2026-02-01T00:00:00Z,2026-02-02T00:00:00Z,demo_surface_condition_index,72.500,simulated_index_0_100,simulated,simulation:deterministic_change_control_demo,v0.1,69.500,75.500,simulated_demo_only,true,demo_change_control_v1,SIMULATED DEMO - NOT OPERATIONAL EVIDENCE
seg_129_130,129,130,2026-01-01T00:00:00Z,2026-02-02T00:00:00Z,demo_surface_condition_index,69.500,simulated_index_0_100,simulated,simulation:deterministic_change_control_demo,v0.1,67.500,71.500,simulated_demo_only,true,demo_change_control_v1,SIMULATED DEMO - NOT OPERATIONAL EVIDENCE
seg_129_130,129,130,2026-02-01T00:00:00Z,2026-02-02T00:00:00Z,demo_surface_condition_index,71.500,simulated_index_0_100,simulated,simulation:deterministic_change_control_demo,v0.1,68.500,74.500,simulated_demo_only,true,demo_change_control_v1,SIMULATED DEMO - NOT OPERATIONAL EVIDENCE
